ID,ジャンル,お題,作品,代表作,肩書き,補助情報
1,日常,東京,,,,
2,日常,横浜,,,,
3,日常,京都,,,,
4,日常,大阪,,,,
5,日常,神戸,,,,
6,日常,奈良,,,,
7,日常,鎌倉,,,,
8,日常,札幌,,,,
9,日常,函館,,,,
10,日常,小樽,,,,
11,日常,仙台,,,,
12,日常,金沢,,,,
13,日常,名古屋,,,,
14,日常,広島,,,,
15,日常,長崎,,,,
16,日常,福岡,,,,
17,日常,博多,,,,
18,日常,熊本,,,,
19,日常,鹿児島,,,,
20,日常,那覇,,,,
21,日常,富士山,,,,
22,日常,東京タワー,,,,
23,日常,東京スカイツリー,,,,
24,日常,浅草寺,,,,
25,日常,明治神宮,,,,
26,日常,伊勢神宮,,,,
27,日常,出雲大社,,,,
28,日常,清水寺,,,,
29,日常,金閣寺,,,,
30,日常,銀閣寺,,,,
31,日常,東大寺,,,,
32,日常,法隆寺,,,,
33,日常,姫路城,,,,
34,日常,大阪城,,,,
35,日常,名古屋城,,,,
36,日常,熊本城,,,,
37,日常,松本城,,,,
38,日常,厳島神社,,,,
39,日常,道頓堀,,,,
40,日常,渋谷スクランブル交差点,,,,
41,日常,秋葉原,,,,
42,日常,原宿,,,,
43,日常,新宿,,,,
44,日常,池袋,,,,
45,日常,銀座,,,,
46,日常,六本木,,,,
47,日常,お台場,,,,
48,日常,横浜中華街,,,,
49,日常,みなとみらい,,,,
50,日常,江の島,,,,
51,日常,箱根,,,,
52,日常,熱海,,,,
53,日常,軽井沢,,,,
54,日常,白川郷,,,,
55,日常,高山,,,,
56,日常,嵐山,,,,
57,日常,祇園,,,,
58,日常,梅田,,,,
59,日常,心斎橋,,,,
60,日常,通天閣,,,,
61,日常,阿蘇山,,,,
62,日常,桜島,,,,
63,日常,屋久島,,,,
64,日常,種子島,,,,
65,日常,石垣島,,,,
66,日常,宮古島,,,,
67,日常,西表島,,,,
68,日常,知床,,,,
69,日常,摩周湖,,,,
70,日常,洞爺湖,,,,
71,日常,琵琶湖,,,,
72,日常,猪苗代湖,,,,
73,日常,中禅寺湖,,,,
74,日常,華厳の滝,,,,
75,日常,那智の滝,,,,
76,日常,鳥取砂丘,,,,
77,日常,天橋立,,,,
78,日常,松島,,,,
79,日常,宮島,,,,
80,日常,別府温泉,,,,
81,日常,草津温泉,,,,
82,日常,有馬温泉,,,,
83,日常,道後温泉,,,,
84,日常,黒川温泉,,,,
85,日常,湯布院,,,,
86,日常,成田空港,,,,
87,日常,羽田空港,,,,
88,日常,関西国際空港,,,,
89,日常,新千歳空港,,,,
90,日常,東京駅,,,,
91,日常,京都駅,,,,
92,日常,新大阪駅,,,,
93,日常,横浜駅,,,,
94,日常,上野駅,,,,
95,日常,品川駅,,,,
96,日常,東京ドーム,,,,
97,日常,甲子園球場,,,,
98,日常,国立競技場,,,,
99,日常,さいたまスーパーアリーナ,,,,
100,日常,白雪姫,,,,
101,日常,ピノキオ,,,,
102,日常,ファンタジア,,,,
103,日常,ダンボ,,,,
104,日常,バンビ,,,,
105,日常,シンデレラ,,,,
106,日常,ふしぎの国のアリス,,,,
107,日常,ピーター・パン,,,,
108,日常,わんわん物語,,,,
109,日常,眠れる森の美女,,,,
110,日常,101匹わんちゃん,,,,
111,日常,メリー・ポピンズ,,,,
112,日常,おしゃれキャット,,,,
113,日常,ロビン・フッド,,,,
114,日常,リトル・マーメイド,,,,
115,日常,美女と野獣,,,,
116,日常,アラジン,,,,
117,日常,ライオン・キング,,,,
118,日常,ポカホンタス,,,,
119,日常,ノートルダムの鐘,,,,
120,日常,ヘラクレス,,,,
121,日常,ムーラン,,,,
122,日常,ターザン,,,,
123,日常,リロ・アンド・スティッチ,,,,
124,日常,プリンセスと魔法のキス,,,,
125,日常,塔の上のラプンツェル,,,,
126,日常,シュガー・ラッシュ,,,,
127,日常,アナと雪の女王,,,,
128,日常,ベイマックス,,,,
129,日常,ズートピア,,,,
130,日常,モアナと伝説の海,,,,
131,日常,ミラベルと魔法だらけの家,,,,
132,日常,ラーヤと龍の王国,,,,
133,日常,ウィッシュ,,,,
134,日常,トイ・ストーリー,,,,
135,日常,バグズ・ライフ,,,,
136,日常,トイ・ストーリー2,,,,
137,日常,モンスターズ・インク,,,,
138,日常,ファインディング・ニモ,,,,
139,日常,Mr.インクレディブル,,,,
140,日常,カーズ,,,,
141,日常,レミーのおいしいレストラン,,,,
142,日常,WALL-E,,,,
143,日常,カールじいさんの空飛ぶ家,,,,
144,日常,トイ・ストーリー3,,,,
145,日常,カーズ2,,,,
146,日常,メリダとおそろしの森,,,,
147,日常,モンスターズ・ユニバーシティ,,,,
148,日常,インサイド・ヘッド,,,,
149,日常,アーロと少年,,,,
150,日常,ファインディング・ドリー,,,,
151,日常,カーズ/クロスロード,,,,
152,日常,リメンバー・ミー,,,,
153,日常,インクレディブル・ファミリー,,,,
154,日常,トイ・ストーリー4,,,,
155,日常,2分の1の魔法,,,,
156,日常,ソウルフル・ワールド,,,,
157,日常,あの夏のルカ,,,,
158,日常,私ときどきレッサーパンダ,,,,
159,日常,バズ・ライトイヤー,,,,
160,日常,マイ・エレメント,,,,
161,日常,インサイド・ヘッド2,,,,
162,日常,風の谷のナウシカ,,,,
163,日常,天空の城ラピュタ,,,,分類：アニメ映画
164,日常,となりのトトロ,,,,分類：アニメ映画
165,日常,火垂るの墓,,,,
166,アニメ＆漫画,魔女の宅急便,,,,分類：アニメ映画
167,日常,おもひでぽろぽろ,,,,
168,日常,紅の豚,,,,
169,日常,海がきこえる,,,,
170,日常,平成狸合戦ぽんぽこ,,,,
171,日常,耳をすませば,,,,
172,日常,もののけ姫,,,,分類：アニメ映画
173,日常,ホーホケキョとなりの山田くん,,,,
174,日常,千と千尋の神隠し,,,,分類：アニメ映画
175,日常,猫の恩返し,,,,
176,日常,ハウルの動く城,,,,
177,日常,ゲド戦記,,,,
178,日常,崖の上のポニョ,,,,
179,日常,借りぐらしのアリエッティ,,,,
180,日常,コクリコ坂から,,,,
181,日常,風立ちぬ,,,,
182,日常,かぐや姫の物語,,,,
183,日常,思い出のマーニー,,,,
184,アニメ＆漫画,アーヤと魔女,,,,
185,日常,君たちはどう生きるか,,,,
186,日常,ほしのこえ,,,,
187,日常,雲のむこう、約束の場所,,,,
188,日常,秒速5センチメートル,,,,
189,日常,星を追う子ども,,,,
190,日常,言の葉の庭,,,,
191,日常,君の名は。,,,,
192,日常,天気の子,,,,
193,日常,すずめの戸締まり,,,,
194,日常,時をかける少女,,,,
195,日常,サマーウォーズ,,,,
196,日常,おおかみこどもの雨と雪,,,,
197,日常,バケモノの子,,,,
198,日常,未来のミライ,,,,
199,日常,竜とそばかすの姫,,,,
200,ゲーム,スーパーマリオブラザーズ,,,,分類：ゲーム
201,ゲーム,マリオカート,,,,分類：ゲーム
202,ゲーム,マリオパーティ,,,,
203,ゲーム,スーパーマリオ64,,,,
204,ゲーム,スーパーマリオオデッセイ,,,,
205,ゲーム,ルイージマンション,,,,
206,ゲーム,ドンキーコング,,,,
207,ゲーム,星のカービィ,,,,
208,ゲーム,ゼルダの伝説,,,,
209,日常,ブレスオブザワイルド,,,,
210,日常,ティアーズオブザキングダム,,,,
211,ゲーム,スプラトゥーン,,,,
212,ゲーム,どうぶつの森,,,,分類：ゲームシリーズ
213,ゲーム,大乱闘スマッシュブラザーズ,,,,
214,ゲーム,ピクミン,,,,
215,ゲーム,メトロイド,,,,
216,ゲーム,ファイアーエムブレム,,,,
217,ゲーム,ポケットモンスター赤・緑,,,,
218,ゲーム,ポケットモンスター金・銀,,,,
219,ゲーム,ポケットモンスターソード・シールド,,,,
220,ゲーム,ポケットモンスタースカーレット・バイオレット,,,,
221,ゲーム,ポケモンGO,,,,
222,ゲーム,ドラゴンクエスト,,,,分類：ゲームシリーズ
223,ゲーム,ファイナルファンタジー,,,,分類：ゲームシリーズ
224,ゲーム,クロノ・トリガー,,,,
225,ゲーム,キングダムハーツ,,,,
226,ゲーム,モンスターハンター,,,,分類：ゲームシリーズ
227,ゲーム,バイオハザード,,,,
228,ゲーム,ストリートファイター,,,,
229,ゲーム,ロックマン,,,,
230,ゲーム,逆転裁判,,,,
231,日常,鬼武者,,,,
232,ゲーム,デビルメイクライ,,,,
233,ゲーム,メタルギアソリッド,,,,
234,ゲーム,サイレントヒル,,,,
235,ゲーム,龍が如く,,,,
236,ゲーム,ペルソナ,,,,
237,日常,女神転生,,,,
238,ゲーム,テイルズオブシリーズ,,,,
239,ゲーム,ぷよぷよ,,,,分類：ゲーム
240,ゲーム,ソニック・ザ・ヘッジホッグ,,,,
241,日常,シェンムー,,,,
242,日常,サクラ大戦,,,,
243,ゲーム,マインクラフト,,,,
244,ゲーム,フォートナイト,,,,
245,日常,ApexLegends,,,,
246,日常,VALORANT,,,,
247,日常,LeagueofLegends,,,,
248,日常,Overwatch,,,,
249,日常,PUBG,,,,
250,日常,AmongUs,,,,
251,旅行＆海外,ニューヨーク,,,,
252,旅行＆海外,ロサンゼルス,,,,
253,旅行＆海外,サンフランシスコ,,,,
254,旅行＆海外,ラスベガス,,,,
255,旅行＆海外,シカゴ,,,,
256,旅行＆海外,ボストン,,,,
257,旅行＆海外,ワシントンD.C.,,,,
258,旅行＆海外,ホノルル,,,,
259,旅行＆海外,パリ,,,,
260,旅行＆海外,ロンドン,,,,
261,旅行＆海外,ローマ,,,,
262,旅行＆海外,ミラノ,,,,
263,旅行＆海外,ベネチア,,,,
264,旅行＆海外,バルセロナ,,,,
265,旅行＆海外,マドリード,,,,
266,旅行＆海外,ベルリン,,,,
267,旅行＆海外,ミュンヘン,,,,
268,旅行＆海外,ウィーン,,,,
269,旅行＆海外,プラハ,,,,
270,旅行＆海外,アムステルダム,,,,
271,旅行＆海外,ブリュッセル,,,,
272,旅行＆海外,アテネ,,,,
273,旅行＆海外,イスタンブール,,,,
274,旅行＆海外,カイロ,,,,
275,旅行＆海外,ドバイ,,,,
276,旅行＆海外,バンコク,,,,
277,旅行＆海外,シンガポール,,,,
278,旅行＆海外,ソウル,,,,
279,旅行＆海外,北京,,,,
280,旅行＆海外,上海,,,,
281,旅行＆海外,香港,,,,
282,旅行＆海外,台北,,,,
283,旅行＆海外,シドニー,,,,
284,旅行＆海外,メルボルン,,,,
285,旅行＆海外,オークランド,,,,
286,旅行＆海外,バンクーバー,,,,
287,旅行＆海外,トロント,,,,
288,旅行＆海外,リオデジャネイロ,,,,
289,旅行＆海外,サンパウロ,,,,
290,旅行＆海外,ブエノスアイレス,,,,
291,旅行＆海外,エッフェル塔,,,,
292,旅行＆海外,凱旋門,,,,
293,旅行＆海外,ルーブル美術館,,,,
294,旅行＆海外,ノートルダム大聖堂,,,,
295,旅行＆海外,ビッグ・ベン,,,,
296,旅行＆海外,バッキンガム宮殿,,,,
297,旅行＆海外,コロッセオ,,,,
298,旅行＆海外,バチカン市国,,,,
299,旅行＆海外,サグラダ・ファミリア,,,,
300,旅行＆海外,アルハンブラ宮殿,,,,
301,旅行＆海外,パルテノン神殿,,,,
302,旅行＆海外,ピラミッド,,,,
303,旅行＆海外,スフィンクス,,,,
304,旅行＆海外,タージ・マハル,,,,
305,旅行＆海外,万里の長城,,,,
306,旅行＆海外,故宮,,,,
307,旅行＆海外,アンコール・ワット,,,,
308,旅行＆海外,マリーナベイ・サンズ,,,,
309,旅行＆海外,オペラハウス,,,,
310,旅行＆海外,自由の女神,,,,
311,旅行＆海外,エンパイア・ステート・ビル,,,,
312,旅行＆海外,グランドキャニオン,,,,
313,旅行＆海外,ナイアガラの滝,,,,
314,旅行＆海外,イグアスの滝,,,,
315,旅行＆海外,ウユニ塩湖,,,,
316,旅行＆海外,マチュピチュ,,,,
317,旅行＆海外,ガラパゴス諸島,,,,
318,旅行＆海外,エベレスト,,,,
319,旅行＆海外,キリマンジャロ,,,,
320,旅行＆海外,サハラ砂漠,,,,
321,旅行＆海外,アマゾン川,,,,
322,旅行＆海外,ナイル川,,,,
323,旅行＆海外,ドナウ川,,,,
324,旅行＆海外,地中海,,,,
325,旅行＆海外,カリブ海,,,,
326,旅行＆海外,ハワイ島,,,,
327,旅行＆海外,グアム島,,,,
328,旅行＆海外,バリ島,,,,
329,旅行＆海外,モルディブ,,,,
330,旅行＆海外,セブ島,,,,
331,旅行＆海外,スター・ウォーズ,,,,
332,旅行＆海外,ジョーズ,,,,
333,旅行＆海外,E.T.,,,,
334,旅行＆海外,ジュラシック・パーク,,,,分類：映画
335,旅行＆海外,ジュラシック・ワールド,,,,
336,旅行＆海外,バック・トゥ・ザ・フューチャー,,,,分類：映画
337,旅行＆海外,インディ・ジョーンズ,,,,
338,旅行＆海外,タイタニック,,,,分類：映画
339,旅行＆海外,アバター,,,,
340,旅行＆海外,ターミネーター,,,,
341,生き物,エイリアン,,,,
342,旅行＆海外,プレデター,,,,
343,旅行＆海外,ロッキー,,,,
344,旅行＆海外,ランボー,,,,
345,旅行＆海外,トップガン,,,,
346,旅行＆海外,ミッション：インポッシブル,,,,
347,旅行＆海外,マトリックス,,,,
348,旅行＆海外,ダイ・ハード,,,,
349,旅行＆海外,ゴーストバスターズ,,,,
350,旅行＆海外,グーニーズ,,,,
351,旅行＆海外,ハリー・ポッター,,,,分類：映画シリーズ
352,旅行＆海外,ファンタスティック・ビースト,,,,
353,旅行＆海外,ロード・オブ・ザ・リング,,,,
354,旅行＆海外,ホビット,,,,
355,旅行＆海外,パイレーツ・オブ・カリビアン,,,,
356,旅行＆海外,ナルニア国物語,,,,
357,旅行＆海外,トランスフォーマー,,,,
358,旅行＆海外,ワイルド・スピード,,,,
359,旅行＆海外,メン・イン・ブラック,,,,
360,旅行＆海外,キングスマン,,,,
361,旅行＆海外,オーシャンズ11,,,,
362,旅行＆海外,グラディエーター,,,,
363,旅行＆海外,フォレスト・ガンプ,,,,
364,旅行＆海外,ショーシャンクの空に,,,,
365,旅行＆海外,グリーンマイル,,,,
366,旅行＆海外,ホーム・アローン,,,,分類：映画
367,旅行＆海外,シザーハンズ,,,,
368,旅行＆海外,チャーリーとチョコレート工場,,,,
369,旅行＆海外,アベンジャーズ,,,,
370,旅行＆海外,アイアンマン,,,,
371,旅行＆海外,キャプテン・アメリカ,,,,
372,旅行＆海外,マイティ・ソー,,,,
373,旅行＆海外,スパイダーマン,,,,
374,旅行＆海外,ブラックパンサー,,,,
375,旅行＆海外,ドクター・ストレンジ,,,,
376,旅行＆海外,ガーディアンズ・オブ・ギャラクシー,,,,
377,旅行＆海外,デッドプール,,,,
378,旅行＆海外,バットマン,,,,
379,旅行＆海外,スーパーマン,,,,
380,旅行＆海外,ジョーカー,,,,
381,旅行＆海外,ワンダーウーマン,,,,
382,旅行＆海外,アクアマン,,,,
383,旅行＆海外,007,,,,
384,旅行＆海外,ゴッドファーザー,,,,
385,旅行＆海外,羊たちの沈黙,,,,
386,旅行＆海外,レオン,,,,
387,旅行＆海外,シックス・センス,,,,
388,旅行＆海外,インセプション,,,,
389,旅行＆海外,インターステラー,,,,
390,旅行＆海外,ラ・ラ・ランド,,,,
391,旅行＆海外,ボヘミアン・ラプソディ,,,,
392,旅行＆海外,グレイテスト・ショーマン,,,,
393,旅行＆海外,プラダを着た悪魔,,,,
394,旅行＆海外,ノッティングヒル,,,,
395,旅行＆海外,ローマの休日,,,,
396,旅行＆海外,サウンド・オブ・ミュージック,,,,
397,旅行＆海外,渋谷駅,,,,
398,旅行＆海外,新宿駅,,,,
399,旅行＆海外,池袋駅,,,,
400,旅行＆海外,秋葉原駅,,,,
401,旅行＆海外,原宿駅,,,,
402,旅行＆海外,浅草駅,,,,
403,旅行＆海外,鎌倉駅,,,,
404,旅行＆海外,小田原駅,,,,
405,旅行＆海外,熱海駅,,,,
406,旅行＆海外,名古屋駅,,,,
407,旅行＆海外,金沢駅,,,,
408,旅行＆海外,札幌駅,,,,
409,旅行＆海外,函館駅,,,,
410,旅行＆海外,仙台駅,,,,
411,旅行＆海外,博多駅,,,,
412,旅行＆海外,長崎駅,,,,
413,旅行＆海外,熊本駅,,,,
414,旅行＆海外,鹿児島中央駅,,,,
415,旅行＆海外,那覇空港,,,,
416,旅行＆海外,首里城,,,,
417,旅行＆海外,雷門,,,,
418,旅行＆海外,上野動物園,,,,
419,旅行＆海外,新宿御苑,,,,
420,旅行＆海外,代々木公園,,,,
421,旅行＆海外,皇居,,,,
422,旅行＆海外,日本武道館,,,,
423,旅行＆海外,横浜赤レンガ倉庫,,,,
424,旅行＆海外,山下公園,,,,
425,旅行＆海外,鶴岡八幡宮,,,,
426,旅行＆海外,箱根神社,,,,
427,旅行＆海外,芦ノ湖,,,,
428,旅行＆海外,河口湖,,,,
429,旅行＆海外,忍野八海,,,,
430,旅行＆海外,善光寺,,,,
431,旅行＆海外,兼六園,,,,
432,旅行＆海外,東尋坊,,,,
433,旅行＆海外,永平寺,,,,
434,旅行＆海外,彦根城,,,,
435,旅行＆海外,伏見稲荷大社,,,,
436,旅行＆海外,平等院,,,,
437,旅行＆海外,龍安寺,,,,
438,旅行＆海外,二条城,,,,
439,旅行＆海外,京都御所,,,,
440,旅行＆海外,渡月橋,,,,
441,旅行＆海外,竹林の小径,,,,
442,旅行＆海外,奈良公園,,,,
443,旅行＆海外,春日大社,,,,
444,旅行＆海外,大阪城公園,,,,
445,旅行＆海外,海遊館,,,,
446,旅行＆海外,あべのハルカス,,,,
447,旅行＆海外,神戸ポートタワー,,,,
448,旅行＆海外,姫路セントラルパーク,,,,
449,旅行＆海外,倉敷美観地区,,,,
450,旅行＆海外,原爆ドーム,,,,
451,旅行＆海外,平和記念公園,,,,
452,旅行＆海外,秋芳洞,,,,
453,旅行＆海外,太宰府天満宮,,,,
454,旅行＆海外,ハウステンボス,,,,
455,旅行＆海外,海,,,,
456,旅行＆海外,プール,,,,
457,旅行＆海外,山,,,,
458,旅行＆海外,川,,,,
459,旅行＆海外,湖,,,,
460,旅行＆海外,滝,,,,
461,旅行＆海外,森,,,,
462,旅行＆海外,ジャングル,,,,
463,旅行＆海外,砂漠,,,,
464,旅行＆海外,島,,,,
465,旅行＆海外,海岸,,,,
466,旅行＆海外,砂浜,,,,
467,旅行＆海外,温泉,,,,
468,旅行＆海外,公園,,,,
469,旅行＆海外,遊園地,,,,
470,旅行＆海外,動物園,,,,
471,旅行＆海外,水族館,,,,
472,旅行＆海外,映画館,,,,
473,旅行＆海外,図書館,,,,
474,旅行＆海外,学校,,,,
475,旅行＆海外,病院,,,,
476,旅行＆海外,駅,,,,
477,旅行＆海外,空港,,,,
478,旅行＆海外,コンビニ,,,,
479,旅行＆海外,スーパー,,,,
480,旅行＆海外,デパート,,,,
481,旅行＆海外,レストラン,,,,
482,旅行＆海外,カフェ,,,,
483,旅行＆海外,ファミレス,,,,
484,旅行＆海外,居酒屋,,,,
485,旅行＆海外,ホテル,,,,
486,旅行＆海外,旅館,,,,
487,旅行＆海外,キャンプ場,,,,
488,旅行＆海外,神社,,,,
489,旅行＆海外,寺,,,,
490,旅行＆海外,城,,,,
491,旅行＆海外,教会,,,,
492,旅行＆海外,北海道,,,,
493,旅行＆海外,沖縄,,,,
494,旅行＆海外,東京ディズニーランド,,,,
495,旅行＆海外,東京ディズニーシー,,,,
496,旅行＆海外,ユニバーサル・スタジオ・ジャパン,,,,
497,旅行＆海外,渋谷,,,,
498,旅行＆海外,浅草,,,,
499,旅行＆海外,ハワイ,,,,
500,旅行＆海外,グアム,,,,
501,有名人＆偉人,織田信長,,,戦国武将,
502,有名人＆偉人,豊臣秀吉,,,戦国武将,
503,有名人＆偉人,徳川家康,,,江戸幕府初代将軍,
504,有名人＆偉人,坂本龍馬,,,幕末の人物,
505,有名人＆偉人,西郷隆盛,,,明治維新の人物,
506,有名人＆偉人,勝海舟,,,幕末の人物,
507,有名人＆偉人,伊藤博文,,,,
508,有名人＆偉人,福沢諭吉,,,思想家・教育者,
509,有名人＆偉人,渋沢栄一,,,実業家,
510,有名人＆偉人,聖徳太子,,,飛鳥時代の政治家,
511,有名人＆偉人,卑弥呼,,,邪馬台国の女王,
512,有名人＆偉人,紫式部,,,作家・歌人,
513,有名人＆偉人,清少納言,,,作家・歌人,
514,有名人＆偉人,源頼朝,,,鎌倉幕府初代将軍,
515,有名人＆偉人,源義経,,,平安時代末期の武将,
516,有名人＆偉人,武田信玄,,,戦国武将,
517,有名人＆偉人,上杉謙信,,,戦国武将,
518,有名人＆偉人,伊達政宗,,,戦国武将,
519,有名人＆偉人,真田幸村,,,戦国武将,
520,有名人＆偉人,徳川吉宗,,,江戸幕府8代将軍,
521,有名人＆偉人,徳川慶喜,,,江戸幕府15代将軍,
522,有名人＆偉人,明智光秀,,,戦国武将,
523,有名人＆偉人,石田三成,,,,
524,有名人＆偉人,加藤清正,,,,
525,有名人＆偉人,宮本武蔵,,,剣豪,
526,有名人＆偉人,千利休,,,茶人,
527,有名人＆偉人,松尾芭蕉,,,俳人,
528,有名人＆偉人,野口英世,,,細菌学者,
529,有名人＆偉人,北里柴三郎,,,医学者・細菌学者,
530,有名人＆偉人,津田梅子,,,教育者,
531,有名人＆偉人,樋口一葉,,,小説家,
532,有名人＆偉人,夏目漱石,,,小説家,
533,有名人＆偉人,芥川龍之介,,,小説家,
534,有名人＆偉人,太宰治,,,小説家,
535,有名人＆偉人,宮沢賢治,,,詩人・童話作家,
536,有名人＆偉人,手塚治虫,,鉄腕アトム／ブラック・ジャック,,
537,有名人＆偉人,黒澤明,,,,
538,有名人＆偉人,本田宗一郎,,,,
539,有名人＆偉人,盛田昭夫,,,,
540,有名人＆偉人,安藤百福,,,,
541,有名人＆偉人,ナポレオン,,,フランス皇帝,
542,有名人＆偉人,クレオパトラ,,,古代エジプトの女王,
543,有名人＆偉人,カエサル,,,,
544,有名人＆偉人,アレクサンドロス大王,,,,
545,有名人＆偉人,ジャンヌ・ダルク,,,フランスの歴史人物,
546,有名人＆偉人,リンカーン,,,アメリカ大統領,
547,有名人＆偉人,ワシントン,,,,
548,有名人＆偉人,ガンジー,,,インド独立運動の指導者,
549,有名人＆偉人,ネルソン・マンデラ,,,,
550,有名人＆偉人,アインシュタイン,,,物理学者,
551,有名人＆偉人,ニュートン,,,物理学者・数学者,
552,有名人＆偉人,ガリレオ・ガリレイ,,,,
553,有名人＆偉人,ダーウィン,,,,
554,有名人＆偉人,エジソン,,,発明家,
555,有名人＆偉人,ニコラ・テスラ,,,,
556,有名人＆偉人,グラハム・ベル,,,,
557,有名人＆偉人,ライト兄弟,,,飛行機の発明者,
558,有名人＆偉人,マリー・キュリー,,,,
559,有名人＆偉人,ノーベル,,,,
560,有名人＆偉人,フローレンス・ナイチンゲール,,,,
561,有名人＆偉人,レオナルド・ダ・ヴィンチ,,,芸術家・発明家,
562,有名人＆偉人,ミケランジェロ,,,芸術家,
563,有名人＆偉人,ピカソ,,,画家,
564,有名人＆偉人,ゴッホ,,,画家,
565,有名人＆偉人,モネ,,,,
566,有名人＆偉人,レンブラント,,,,
567,有名人＆偉人,シェイクスピア,,,劇作家・詩人,
568,有名人＆偉人,ゲーテ,,,,
569,有名人＆偉人,トルストイ,,,,
570,有名人＆偉人,ドストエフスキー,,,,
571,有名人＆偉人,ベートーヴェン,,,作曲家,
572,有名人＆偉人,モーツァルト,,,作曲家,
573,有名人＆偉人,バッハ,,,作曲家,
574,有名人＆偉人,ショパン,,,作曲家,
575,有名人＆偉人,チャイコフスキー,,,,
576,有名人＆偉人,コペルニクス,,,天文学者,
577,有名人＆偉人,パスカル,,,,
578,有名人＆偉人,デカルト,,,,
579,有名人＆偉人,ソクラテス,,,,
580,有名人＆偉人,プラトン,,,,
581,有名人＆偉人,大谷翔平,,,野球選手,
582,有名人＆偉人,イチロー,,,元プロ野球選手,
583,有名人＆偉人,ダルビッシュ有,,,野球選手,
584,有名人＆偉人,松井秀喜,,,元プロ野球選手,
585,有名人＆偉人,王貞治,,,元プロ野球選手・監督,
586,有名人＆偉人,長嶋茂雄,,,元プロ野球選手・監督,
587,有名人＆偉人,山本由伸,,,,
588,有名人＆偉人,佐々木朗希,,,,
589,有名人＆偉人,鈴木誠也,,,,
590,有名人＆偉人,吉田正尚,,,,
591,有名人＆偉人,野茂英雄,,,元プロ野球選手,
592,有名人＆偉人,新庄剛志,,,,
593,有名人＆偉人,古田敦也,,,,
594,有名人＆偉人,清原和博,,,,
595,有名人＆偉人,落合博満,,,,
596,有名人＆偉人,栗山英樹,,,,
597,有名人＆偉人,村上宗隆,,,,
598,有名人＆偉人,岡本和真,,,,
599,有名人＆偉人,山田哲人,,,,
600,有名人＆偉人,近藤健介,,,,
601,有名人＆偉人,三浦知良,,,サッカー選手,
602,有名人＆偉人,本田圭佑,,,元サッカー選手,
603,有名人＆偉人,香川真司,,,サッカー選手,
604,有名人＆偉人,長友佑都,,,サッカー選手,
605,有名人＆偉人,遠藤保仁,,,,
606,有名人＆偉人,中田英寿,,,元サッカー選手,
607,有名人＆偉人,三笘薫,,,,
608,有名人＆偉人,久保建英,,,,
609,有名人＆偉人,冨安健洋,,,,
610,有名人＆偉人,澤穂希,,,,
611,有名人＆偉人,宮間あや,,,,
612,有名人＆偉人,長谷部誠,,,,
613,有名人＆偉人,内田篤人,,,,
614,有名人＆偉人,前田大然,,,,
615,有名人＆偉人,南野拓実,,,,
616,有名人＆偉人,羽生結弦,,,フィギュアスケーター,
617,有名人＆偉人,浅田真央,,,元フィギュアスケーター,
618,有名人＆偉人,宇野昌磨,,,,
619,有名人＆偉人,高橋大輔,,,,
620,有名人＆偉人,荒川静香,,,,
621,有名人＆偉人,鍵山優真,,,,
622,有名人＆偉人,紀平梨花,,,,
623,有名人＆偉人,石川佳純,,,,
624,有名人＆偉人,福原愛,,,,
625,有名人＆偉人,張本智和,,,,
626,有名人＆偉人,水谷隼,,,,
627,有名人＆偉人,伊藤美誠,,,,
628,有名人＆偉人,錦織圭,,,テニス選手,
629,有名人＆偉人,大坂なおみ,,,テニス選手,
630,有名人＆偉人,松山英樹,,,,
631,有名人＆偉人,石川遼,,,,
632,有名人＆偉人,渋野日向子,,,,
633,有名人＆偉人,畑岡奈紗,,,,
634,有名人＆偉人,北口榛花,,,,
635,有名人＆偉人,高橋尚子,,,,
636,有名人＆偉人,野口みずき,,,,
637,有名人＆偉人,室伏広治,,,,
638,有名人＆偉人,吉田沙保里,,,元レスリング選手,
639,有名人＆偉人,伊調馨,,,,
640,有名人＆偉人,内村航平,,,,
641,有名人＆偉人,橋本大輝,,,,
642,有名人＆偉人,池江璃花子,,,,
643,有名人＆偉人,北島康介,,,元競泳選手,
644,有名人＆偉人,八村塁,,,,
645,有名人＆偉人,渡邊雄太,,,,
646,有名人＆偉人,河村勇輝,,,,
647,有名人＆偉人,富樫勇樹,,,,
648,有名人＆偉人,五郎丸歩,,,,
649,有名人＆偉人,リーチマイケル,,,,
650,有名人＆偉人,稲垣啓太,,,,
651,有名人＆偉人,阿炎,,,,
652,有名人＆偉人,照ノ富士,,,,
653,有名人＆偉人,貴乃花,,,,
654,有名人＆偉人,千代の富士,,,,
655,有名人＆偉人,マイケル・ジョーダン,,,,
656,有名人＆偉人,レブロン・ジェームズ,,,,
657,有名人＆偉人,ステフィン・カリー,,,,
658,有名人＆偉人,タイガー・ウッズ,,,,
659,有名人＆偉人,ロジャー・フェデラー,,,,
660,有名人＆偉人,ラファエル・ナダル,,,,
661,有名人＆偉人,ノバク・ジョコビッチ,,,,
662,有名人＆偉人,セリーナ・ウィリアムズ,,,,
663,有名人＆偉人,ウサイン・ボルト,,,,
664,有名人＆偉人,マイケル・フェルプス,,,,
665,有名人＆偉人,リオネル・メッシ,,,,
666,有名人＆偉人,クリスティアーノ・ロナウド,,,,
667,有名人＆偉人,ネイマール,,,,
668,有名人＆偉人,キリアン・エムバペ,,,,
669,有名人＆偉人,デビッド・ベッカム,,,,
670,有名人＆偉人,ジネディーヌ・ジダン,,,,
671,有名人＆偉人,ディエゴ・マラドーナ,,,,
672,有名人＆偉人,ペレ,,,,
673,有名人＆偉人,モハメド・アリ,,,,
674,有名人＆偉人,マイク・タイソン,,,,
675,有名人＆偉人,明石家さんま,,,お笑い芸人・司会者,
676,有名人＆偉人,タモリ,,,タレント・司会者,
677,有名人＆偉人,ビートたけし,,,お笑い芸人・映画監督,
678,有名人＆偉人,所ジョージ,,,,肩書き：タレント・司会者
679,有名人＆偉人,内村光良,,,お笑い芸人・司会者,
680,有名人＆偉人,南原清隆,,,,
681,有名人＆偉人,松本人志,,,お笑い芸人,
682,有名人＆偉人,浜田雅功,,,お笑い芸人,
683,有名人＆偉人,有吉弘行,,,,肩書き：お笑いタレント・司会者
684,有名人＆偉人,上田晋也,,,,
685,有名人＆偉人,原田泰造,,,,
686,有名人＆偉人,堀内健,,,,
687,有名人＆偉人,出川哲朗,,,,肩書き：お笑いタレント
688,有名人＆偉人,今田耕司,,,,
689,有名人＆偉人,東野幸治,,,,
690,有名人＆偉人,千鳥,,,,
691,有名人＆偉人,かまいたち,,,,
692,有名人＆偉人,サンドウィッチマン,,,,肩書き：お笑いコンビ
693,有名人＆偉人,バナナマン,,,,
694,有名人＆偉人,博多華丸・大吉,,,,
695,有名人＆偉人,木村拓哉,,,俳優・歌手,
696,有名人＆偉人,草彅剛,,,,
697,有名人＆偉人,香取慎吾,,,,
698,有名人＆偉人,中居正広,,,,
699,有名人＆偉人,阿部寛,,,俳優,
700,有名人＆偉人,堺雅人,,,俳優,
701,有名人＆偉人,大泉洋,,,俳優・タレント,
702,有名人＆偉人,ムロツヨシ,,,,
703,有名人＆偉人,小栗旬,,,,
704,有名人＆偉人,菅田将暉,,,,
705,有名人＆偉人,山田孝之,,,,
706,有名人＆偉人,佐藤健,,,,
707,有名人＆偉人,松坂桃李,,,,
708,有名人＆偉人,山﨑賢人,,,,
709,有名人＆偉人,吉沢亮,,,,
710,有名人＆偉人,横浜流星,,,,
711,有名人＆偉人,鈴木亮平,,,,
712,有名人＆偉人,西島秀俊,,,,
713,有名人＆偉人,福山雅治,,,俳優・歌手,
714,有名人＆偉人,星野源,,,歌手・俳優,
715,有名人＆偉人,綾瀬はるか,,,俳優,
716,有名人＆偉人,新垣結衣,,,俳優,
717,有名人＆偉人,石原さとみ,,,俳優,
718,有名人＆偉人,長澤まさみ,,,俳優,
719,有名人＆偉人,北川景子,,,俳優,
720,有名人＆偉人,戸田恵梨香,,,,
721,有名人＆偉人,有村架純,,,,
722,有名人＆偉人,上白石萌音,,,,
723,有名人＆偉人,浜辺美波,,,,
724,有名人＆偉人,広瀬すず,,,,
725,有名人＆偉人,橋本環奈,,,,
726,有名人＆偉人,川口春奈,,,,
727,有名人＆偉人,永野芽郁,,,,
728,有名人＆偉人,吉岡里帆,,,,
729,有名人＆偉人,天海祐希,,,,
730,有名人＆偉人,柴咲コウ,,,,
731,有名人＆偉人,仲間由紀恵,,,,
732,有名人＆偉人,松嶋菜々子,,,,
733,有名人＆偉人,深津絵里,,,,
734,有名人＆偉人,小泉今日子,,,,
735,有名人＆偉人,宇多田ヒカル,,,歌手,
736,有名人＆偉人,浜崎あゆみ,,,歌手,
737,有名人＆偉人,安室奈美恵,,,歌手,
738,有名人＆偉人,MISIA,,,歌手,
739,有名人＆偉人,aiko,,,歌手,
740,有名人＆偉人,椎名林檎,,,歌手,
741,有名人＆偉人,あいみょん,,,歌手,
742,有名人＆偉人,米津玄師,,,歌手,
743,有名人＆偉人,藤井風,,,,
744,有名人＆偉人,桑田佳祐,,,,
745,有名人＆偉人,矢沢永吉,,,,
746,有名人＆偉人,松任谷由実,,,,
747,有名人＆偉人,中島みゆき,,,,
748,有名人＆偉人,平井堅,,,,
749,有名人＆偉人,槇原敬之,,,,
750,有名人＆偉人,玉置浩二,,,,
751,有名人＆偉人,小田和正,,,,
752,有名人＆偉人,山下達郎,,,,
753,有名人＆偉人,HIKAKIN,,,,
754,有名人＆偉人,はじめしゃちょー,,,,
755,有名人＆偉人,ヒカル,,,,
756,有名人＆偉人,東海オンエア,,,,
757,有名人＆偉人,フワちゃん,,,,
758,有名人＆偉人,渡辺直美,,,,
759,有名人＆偉人,ローラ,,,,
760,有名人＆偉人,マツコ・デラックス,,,,肩書き：タレント・司会者
761,有名人＆偉人,黒柳徹子,,,,肩書き：俳優・司会者
762,有名人＆偉人,芦田愛菜,,,,
763,有名人＆偉人,鈴木福,,,,
764,有名人＆偉人,藤井聡太,,,,
765,有名人＆偉人,羽生善治,,,,
766,有名人＆偉人,Ado,,,,
767,有名人＆偉人,V6,,,,
768,有名人＆偉人,KinKiKids,,,,
769,有名人＆偉人,関ジャニ∞,,,,
770,有名人＆偉人,モーニング娘。,,,,
771,有名人＆偉人,SPEED,,,,
772,有名人＆偉人,MAX,,,,
773,有名人＆偉人,PUFFY,,,,
774,有名人＆偉人,EveryLittleThing,,,,
775,有名人＆偉人,globe,,,,
776,有名人＆偉人,TRF,,,,
777,有名人＆偉人,倉木麻衣,,,,
778,有名人＆偉人,大塚愛,,,,
779,有名人＆偉人,YUI,,,,
780,有名人＆偉人,倖田來未,,,,
781,有名人＆偉人,中島美嘉,,,,
782,有名人＆偉人,JUDYANDMARY,,,,
783,有名人＆偉人,ポルノグラフィティ,,,,
784,有名人＆偉人,ゆず,,,,
785,有名人＆偉人,コブクロ,,,,
786,有名人＆偉人,ORANGERANGE,,,,
787,有名人＆偉人,ケツメイシ,,,,
788,有名人＆偉人,湘南乃風,,,,
789,有名人＆偉人,EXILE,,,,
790,有名人＆偉人,GReeeeN,,,,
791,有名人＆偉人,BUMPOFCHICKEN,,,,
792,有名人＆偉人,藤子・F・不二雄,,ドラえもん／キテレツ大百科,,
793,有名人＆偉人,藤子不二雄A,,忍者ハットリくん／怪物くん,,
794,有名人＆偉人,石ノ森章太郎,,サイボーグ009／仮面ライダー,,
795,有名人＆偉人,赤塚不二夫,,天才バカボン／おそ松くん,,
796,有名人＆偉人,水木しげる,,ゲゲゲの鬼太郎,,
797,有名人＆偉人,横山光輝,,,,
798,有名人＆偉人,さいとう・たかを,,,,
799,有名人＆偉人,ちばてつや,,,,
800,有名人＆偉人,永井豪,,デビルマン／マジンガーZ,,
801,有名人＆偉人,松本零士,,銀河鉄道999／宇宙海賊キャプテンハーロック,,
802,有名人＆偉人,モンキー・パンチ,,,,
803,有名人＆偉人,池田理代子,,ベルサイユのばら,,
804,有名人＆偉人,萩尾望都,,ポーの一族,,
805,有名人＆偉人,竹宮惠子,,風と木の詩,,
806,有名人＆偉人,高橋留美子,,うる星やつら／らんま1/2／犬夜叉,,
807,有名人＆偉人,あだち充,,タッチ／H2,,
808,有名人＆偉人,鳥山明,,ドラゴンボール／Dr.スランプ,,
809,有名人＆偉人,原哲夫,,北斗の拳,,
810,有名人＆偉人,北条司,,シティーハンター／キャッツ・アイ,,
811,有名人＆偉人,車田正美,,聖闘士星矢,,
812,有名人＆偉人,ゆでたまご,,キン肉マン,,
813,有名人＆偉人,荒木飛呂彦,,ジョジョの奇妙な冒険,,
814,有名人＆偉人,井上雄彦,,SLAM DUNK／バガボンド,,
815,有名人＆偉人,冨樫義博,,幽☆遊☆白書／HUNTER×HUNTER,,
816,有名人＆偉人,和月伸宏,,るろうに剣心,,
817,有名人＆偉人,尾田栄一郎,,ONE PIECE,,
818,有名人＆偉人,岸本斉史,,NARUTO,,
819,有名人＆偉人,久保帯人,,BLEACH,,
820,有名人＆偉人,青山剛昌,,名探偵コナン,,
821,有名人＆偉人,浦沢直樹,,YAWARA!／MONSTER／20世紀少年,,
822,有名人＆偉人,福本伸行,,賭博黙示録カイジ／アカギ,,
823,有名人＆偉人,森川ジョージ,,はじめの一歩,,
824,有名人＆偉人,板垣恵介,,グラップラー刃牙,,
825,有名人＆偉人,原泰久,,,,
826,有名人＆偉人,空知英秋,,銀魂,,
827,有名人＆偉人,真島ヒロ,,FAIRY TAIL／RAVE,,
828,有名人＆偉人,諫山創,,進撃の巨人,,
829,有名人＆偉人,吾峠呼世晴,,鬼滅の刃,,
830,有名人＆偉人,芥見下々,,呪術廻戦,,
831,有名人＆偉人,堀越耕平,,僕のヒーローアカデミア,,
832,有名人＆偉人,古舘春一,,ハイキュー!!,,
833,有名人＆偉人,松井優征,,暗殺教室／魔人探偵脳噛ネウロ,,
834,有名人＆偉人,大場つぐみ,,DEATH NOTE／バクマン。,,
835,有名人＆偉人,小畑健,,ヒカルの碁／DEATH NOTE／バクマン。,,
836,有名人＆偉人,稲垣理一郎,,アイシールド21／Dr.STONE,,
837,有名人＆偉人,村田雄介,,アイシールド21／ワンパンマン,,
838,有名人＆偉人,ONE,,ワンパンマン／モブサイコ100,,
839,有名人＆偉人,藤本タツキ,,チェンソーマン,,
840,有名人＆偉人,遠藤達哉,,SPY×FAMILY,,
841,有名人＆偉人,赤坂アカ,,,,
842,有名人＆偉人,横槍メンゴ,,,,
843,有名人＆偉人,山田鐘人,,葬送のフリーレン,,
844,有名人＆偉人,アベツカサ,,葬送のフリーレン,,
845,有名人＆偉人,日向夏,,薬屋のひとりごと,,
846,有名人＆偉人,ねこクラゲ,,薬屋のひとりごと,,
847,有名人＆偉人,大久保篤,,ソウルイーター／炎炎ノ消防隊,,
848,有名人＆偉人,鈴木央,,七つの大罪,,
849,有名人＆偉人,雷句誠,,,,
850,有名人＆偉人,武井宏之,,,,
851,アニメ＆漫画,ONEPIECE,,,,
852,アニメ＆漫画,ドラゴンボール,,,,
853,アニメ＆漫画,NARUTO,,,,
854,アニメ＆漫画,BLEACH,,,,
855,アニメ＆漫画,鬼滅の刃,,,,
856,アニメ＆漫画,呪術廻戦,,,,
857,アニメ＆漫画,僕のヒーローアカデミア,,,,
858,アニメ＆漫画,進撃の巨人,,,,
859,アニメ＆漫画,鋼の錬金術師,,,,
860,アニメ＆漫画,HUNTER×HUNTER,,,,
861,アニメ＆漫画,幽☆遊☆白書,,,,
862,アニメ＆漫画,SLAMDUNK,,,,
863,アニメ＆漫画,ハイキュー!!,,,,
864,アニメ＆漫画,黒子のバスケ,,,,
865,アニメ＆漫画,テニスの王子様,,,,
866,アニメ＆漫画,キャプテン翼,,,,
867,アニメ＆漫画,キングダム,,,,
868,アニメ＆漫画,ゴールデンカムイ,,,,
869,アニメ＆漫画,宇宙兄弟,,,,
870,アニメ＆漫画,DEATHNOTE,,,,
871,アニメ＆漫画,名探偵コナン,,,,
872,アニメ＆漫画,金田一少年の事件簿,,,,
873,アニメ＆漫画,犬夜叉,犬夜叉,,,
874,アニメ＆漫画,らんま1/2,,,,
875,アニメ＆漫画,うる星やつら,,,,
876,アニメ＆漫画,めぞん一刻,,,,
877,アニメ＆漫画,タッチ,,,,
878,アニメ＆漫画,H2,,,,
879,アニメ＆漫画,MAJOR,,,,
880,アニメ＆漫画,ドカベン,,,,
881,アニメ＆漫画,巨人の星,,,,
882,アニメ＆漫画,あしたのジョー,,,,
883,アニメ＆漫画,はじめの一歩,,,,
884,アニメ＆漫画,北斗の拳,,,,
885,アニメ＆漫画,キン肉マン,キン肉マン,,,
886,アニメ＆漫画,聖闘士星矢,,,,
887,アニメ＆漫画,銀魂,,,,
888,アニメ＆漫画,るろうに剣心,,,,
889,アニメ＆漫画,Dr.STONE,,,,
890,アニメ＆漫画,ドラえもん,ドラえもん,,,
891,アニメ＆漫画,クレヨンしんちゃん,クレヨンしんちゃん,,,
892,アニメ＆漫画,ちびまる子ちゃん,ちびまる子ちゃん,,,
893,アニメ＆漫画,サザエさん,,,,
894,アニメ＆漫画,アンパンマン,アンパンマン,,,
895,アニメ＆漫画,ポケットモンスター,,,,
896,アニメ＆漫画,デジモンアドベンチャー,,,,
897,アニメ＆漫画,妖怪ウォッチ,,,,
898,アニメ＆漫画,ケロロ軍曹,ケロロ軍曹,,,
899,アニメ＆漫画,おじゃる丸,,,,
900,アニメ＆漫画,忍たま乱太郎,,,,
901,アニメ＆漫画,美少女戦士セーラームーン,,,,
902,アニメ＆漫画,カードキャプターさくら,,,,
903,アニメ＆漫画,プリキュア,,,,
904,アニメ＆漫画,新世紀エヴァンゲリオン,,,,
905,アニメ＆漫画,機動戦士ガンダム,,,,
906,アニメ＆漫画,コードギアス,,,,
907,アニメ＆漫画,天元突破グレンラガン,,,,
908,アニメ＆漫画,魔法少女まどか☆マギカ,,,,
909,アニメ＆漫画,涼宮ハルヒの憂鬱,,,,
910,アニメ＆漫画,けいおん!,,,,
911,アニメ＆漫画,ラブライブ!,,,,
912,アニメ＆漫画,ぼっち・ざ・ろっく!,,,,
913,アニメ＆漫画,SPY×FAMILY,,,,
914,アニメ＆漫画,葬送のフリーレン,,,,
915,アニメ＆漫画,薬屋のひとりごと,,,,
916,アニメ＆漫画,推しの子,,,,
917,アニメ＆漫画,チェンソーマン,,,,
918,アニメ＆漫画,東京卍リベンジャーズ,,,,
919,アニメ＆漫画,ブルーロック,,,,
920,アニメ＆漫画,怪獣8号,,,,
921,アニメ＆漫画,ダンダダン,,,,
922,アニメ＆漫画,五等分の花嫁,,,,
923,アニメ＆漫画,かぐや様は告らせたい,,,,
924,アニメ＆漫画,古見さんは、コミュ症です。,,,,
925,アニメ＆漫画,四月は君の嘘,,,,
926,アニメ＆漫画,ちはやふる,,,,
927,アニメ＆漫画,のだめカンタービレ,,,,
928,アニメ＆漫画,花より男子,,,,
929,アニメ＆漫画,銀の匙,,,,
930,アニメ＆漫画,約束のネバーランド,,,,
931,アニメ＆漫画,暗殺教室,,,,
932,アニメ＆漫画,食戟のソーマ,,,,
933,アニメ＆漫画,アイシールド21,,,,
934,アニメ＆漫画,シャーマンキング,,,,
935,アニメ＆漫画,金色のガッシュ!!,,,,
936,アニメ＆漫画,FAIRYTAIL,,,,
937,アニメ＆漫画,七つの大罪,,,,
938,アニメ＆漫画,炎炎ノ消防隊,,,,
939,アニメ＆漫画,ソードアート・オンライン,,,,
940,アニメ＆漫画,Re:ゼロから始める異世界生活,,,,
941,アニメ＆漫画,転生したらスライムだった件,,,,
942,アニメ＆漫画,無職転生,,,,
943,アニメ＆漫画,オーバーロード,,,,
944,アニメ＆漫画,この素晴らしい世界に祝福を!,,,,
945,アニメ＆漫画,ピカチュウ,ポケットモンスター,,,
946,アニメ＆漫画,イーブイ,ポケットモンスター,,,
947,アニメ＆漫画,リザードン,ポケットモンスター,,,
948,アニメ＆漫画,ミュウツー,ポケットモンスター,,,
949,アニメ＆漫画,カビゴン,ポケットモンスター,,,
950,アニメ＆漫画,のび太,ドラえもん,,,
951,アニメ＆漫画,しずかちゃん,ドラえもん,,,
952,アニメ＆漫画,ジャイアン,ドラえもん,,,
953,アニメ＆漫画,スネ夫,ドラえもん,,,
954,アニメ＆漫画,孫悟空,ドラゴンボール,,,
955,アニメ＆漫画,ベジータ,ドラゴンボール,,,
956,アニメ＆漫画,ルフィ,ONE PIECE,,,
957,アニメ＆漫画,ゾロ,ONE PIECE,,,
958,アニメ＆漫画,ナミ,ONE PIECE,,,
959,アニメ＆漫画,チョッパー,ONE PIECE,,,
960,アニメ＆漫画,怪盗キッド,名探偵コナン,,,
961,アニメ＆漫画,野比のび太,ドラえもん,,,
962,アニメ＆漫画,源静香,ドラえもん,,,
963,アニメ＆漫画,剛田武,ドラえもん,,,
964,アニメ＆漫画,骨川スネ夫,ドラえもん,,,
965,アニメ＆漫画,ドラミ,ドラえもん,,,
966,アニメ＆漫画,出木杉英才,ドラえもん,,,
967,アニメ＆漫画,野比玉子,ドラえもん,,,
968,アニメ＆漫画,野比のび助,ドラえもん,,,
969,アニメ＆漫画,先生,ドラえもん,,,
970,アニメ＆漫画,ジャイ子,ドラえもん,,,
971,アニメ＆漫画,ミニドラ,ドラえもん,,,
972,アニメ＆漫画,江戸川コナン,名探偵コナン,,,
973,アニメ＆漫画,工藤新一,名探偵コナン,,,
974,アニメ＆漫画,毛利蘭,名探偵コナン,,,
975,アニメ＆漫画,毛利小五郎,名探偵コナン,,,
976,アニメ＆漫画,灰原哀,名探偵コナン,,,
977,アニメ＆漫画,阿笠博士,名探偵コナン,,,
978,アニメ＆漫画,服部平次,名探偵コナン,,,
979,アニメ＆漫画,遠山和葉,名探偵コナン,,,
980,アニメ＆漫画,鈴木園子,名探偵コナン,,,
981,アニメ＆漫画,赤井秀一,名探偵コナン,,,
982,アニメ＆漫画,安室透,名探偵コナン,,,
983,アニメ＆漫画,ジン,名探偵コナン,,,
984,アニメ＆漫画,ウォッカ,名探偵コナン,,,
985,アニメ＆漫画,吉田歩美,名探偵コナン,,,
986,アニメ＆漫画,小嶋元太,名探偵コナン,,,
987,アニメ＆漫画,円谷光彦,名探偵コナン,,,
988,アニメ＆漫画,モンキー・D・ルフィ,ONE PIECE,,,
989,アニメ＆漫画,ロロノア・ゾロ,ONE PIECE,,,
990,アニメ＆漫画,ウソップ,ONE PIECE,,,
991,アニメ＆漫画,サンジ,ONE PIECE,,,
992,アニメ＆漫画,トニートニー・チョッパー,ONE PIECE,,,
993,アニメ＆漫画,ニコ・ロビン,ONE PIECE,,,
994,アニメ＆漫画,フランキー,ONE PIECE,,,
995,アニメ＆漫画,ブルック,ONE PIECE,,,
996,アニメ＆漫画,ジンベエ,ONE PIECE,,,
997,アニメ＆漫画,シャンクス,ONE PIECE,,,
998,アニメ＆漫画,ポートガス・D・エース,ONE PIECE,,,
999,アニメ＆漫画,サボ,ONE PIECE,,,
1000,アニメ＆漫画,トラファルガー・ロー,ONE PIECE,,,
1001,アニメ＆漫画,ボア・ハンコック,ONE PIECE,,,
1002,アニメ＆漫画,バギー,ONE PIECE,,,
1003,アニメ＆漫画,クロコダイル,ONE PIECE,,,
1004,アニメ＆漫画,ミホーク,ONE PIECE,,,
1005,アニメ＆漫画,カイドウ,ONE PIECE,,,
1006,アニメ＆漫画,ビッグ・マム,ONE PIECE,,,
1007,アニメ＆漫画,孫悟飯,ドラゴンボール,,,
1008,アニメ＆漫画,ピッコロ,ドラゴンボール,,,
1009,アニメ＆漫画,クリリン,ドラゴンボール,,,
1010,アニメ＆漫画,ブルマ,ドラゴンボール,,,
1011,アニメ＆漫画,トランクス,ドラゴンボール,,,
1012,アニメ＆漫画,孫悟天,ドラゴンボール,,,
1013,アニメ＆漫画,フリーザ,ドラゴンボール,,,
1014,アニメ＆漫画,セル,ドラゴンボール,,,
1015,アニメ＆漫画,魔人ブウ,ドラゴンボール,,,
1016,アニメ＆漫画,亀仙人,ドラゴンボール,,,
1017,アニメ＆漫画,ヤムチャ,ドラゴンボール,,,
1018,アニメ＆漫画,天津飯,ドラゴンボール,,,
1019,アニメ＆漫画,チャオズ,ドラゴンボール,,,
1020,アニメ＆漫画,人造人間18号,ドラゴンボール,,,
1021,アニメ＆漫画,ビーデル,ドラゴンボール,,,
1022,アニメ＆漫画,ミスター・サタン,ドラゴンボール,,,
1023,アニメ＆漫画,神龍,ドラゴンボール,,,
1024,アニメ＆漫画,フシギダネ,ポケットモンスター,,,
1025,アニメ＆漫画,ヒトカゲ,ポケットモンスター,,,
1026,アニメ＆漫画,ゼニガメ,ポケットモンスター,,,
1027,アニメ＆漫画,ミュウ,ポケットモンスター,,,
1028,アニメ＆漫画,ニャース,ポケットモンスター,,,
1029,アニメ＆漫画,コダック,ポケットモンスター,,,
1030,アニメ＆漫画,ゲンガー,ポケットモンスター,,,
1031,アニメ＆漫画,ルカリオ,ポケットモンスター,,,
1032,アニメ＆漫画,ポッチャマ,ポケットモンスター,,,
1033,アニメ＆漫画,メタモン,ポケットモンスター,,,
1034,アニメ＆漫画,トゲピー,ポケットモンスター,,,
1035,アニメ＆漫画,ラプラス,ポケットモンスター,,,
1036,アニメ＆漫画,ギャラドス,ポケットモンスター,,,
1037,アニメ＆漫画,コイキング,ポケットモンスター,,,
1038,アニメ＆漫画,サトシ,ポケットモンスター,,,
1039,アニメ＆漫画,カスミ,ポケットモンスター,,,
1040,アニメ＆漫画,タケシ,ポケットモンスター,,,
1041,アニメ＆漫画,ロケット団,ポケットモンスター,,,
1042,アニメ＆漫画,GTO,,,,
1043,アニメ＆漫画,おジャ魔女どれみ,,,,
1044,アニメ＆漫画,NANA,,,,
1045,アニメ＆漫画,ヒカルの碁,,,,
1046,アニメ＆漫画,家庭教師ヒットマンREBORN!,,,,
1047,アニメ＆漫画,D.Gray-man,,,,
1048,アニメ＆漫画,黒執事,,,,
1049,アニメ＆漫画,とらドラ!,,,,
1050,アニメ＆漫画,魔法少女まどか☆マギ,,,,
1051,アニメ＆漫画,あの日見た花の名前を僕達はまだ知らない。,,,,
1052,アニメ＆漫画,とある魔術の禁書目録,,,,
1053,アニメ＆漫画,とある科学の超電磁砲,,,,
1054,アニメ＆漫画,化物語,,,,
1055,アニメ＆漫画,Fate/staynight,,,,
1056,アニメ＆漫画,CLANNAD,,,,
1057,アニメ＆漫画,らき☆すた,,,,
1058,アニメ＆漫画,WORKING!!,,,,
1059,アニメ＆漫画,夏目友人帳,,,,
1060,アニメ＆漫画,弱虫ペダル,,,,
1061,アニメ＆漫画,東京喰種,,,,
1062,アニメ＆漫画,ワンパンマン,,,,
1063,アニメ＆漫画,僕だけがいない街,,,,
1064,アニメ＆漫画,月刊少女野崎くん,,,,
1065,アニメ＆漫画,斉木楠雄のΨ難,,,,
1066,アニメ＆漫画,モブサイコ100,,,,
1067,アニメ＆漫画,浦飯幽助,幽☆遊☆白書,,,
1068,アニメ＆漫画,桑原和真,幽☆遊☆白書,,,
1069,アニメ＆漫画,蔵馬,幽☆遊☆白書,,,
1070,アニメ＆漫画,飛影,幽☆遊☆白書,,,
1071,アニメ＆漫画,戸愚呂弟,幽☆遊☆白書,,,
1072,アニメ＆漫画,緋村剣心,るろうに剣心,,,
1073,アニメ＆漫画,神谷薫,るろうに剣心,,,
1074,アニメ＆漫画,相楽左之助,るろうに剣心,,,
1075,アニメ＆漫画,斎藤一,るろうに剣心,,,
1076,アニメ＆漫画,志々雄真実,るろうに剣心,,,
1077,アニメ＆漫画,鬼塚英吉,GTO,,,
1078,アニメ＆漫画,日暮かごめ,犬夜叉,,,
1079,アニメ＆漫画,殺生丸,犬夜叉,,,
1080,アニメ＆漫画,弥勒,犬夜叉,,,
1081,アニメ＆漫画,珊瑚,犬夜叉,,,
1082,アニメ＆漫画,七宝,犬夜叉,,,
1083,アニメ＆漫画,奈落,犬夜叉,,,
1084,アニメ＆漫画,八神太一,デジモンアドベンチャー,,,
1085,アニメ＆漫画,石田ヤマト,デジモンアドベンチャー,,,
1086,アニメ＆漫画,武之内空,デジモンアドベンチャー,,,
1087,アニメ＆漫画,泉光子郎,デジモンアドベンチャー,,,
1088,アニメ＆漫画,太刀川ミミ,デジモンアドベンチャー,,,
1089,アニメ＆漫画,城戸丈,デジモンアドベンチャー,,,
1090,アニメ＆漫画,高石タケル,デジモンアドベンチャー,,,
1091,アニメ＆漫画,八神ヒカリ,デジモンアドベンチャー,,,
1092,アニメ＆漫画,アグモン,デジモンアドベンチャー,,,
1093,アニメ＆漫画,ガブモン,デジモンアドベンチャー,,,
1094,アニメ＆漫画,春風どれみ,おジャ魔女どれみ,,,
1095,アニメ＆漫画,藤原はづき,おジャ魔女どれみ,,,
1096,アニメ＆漫画,妹尾あいこ,おジャ魔女どれみ,,,
1097,アニメ＆漫画,瀬川おんぷ,おジャ魔女どれみ,,,
1098,アニメ＆漫画,飛鳥ももこ,おジャ魔女どれみ,,,
1099,アニメ＆漫画,高嶺清麿,金色のガッシュ!!,,,
1100,アニメ＆漫画,ガッシュ・ベル,金色のガッシュ!!,,,
1101,アニメ＆漫画,ティオ,金色のガッシュ!!,,,
1102,アニメ＆漫画,大海恵,金色のガッシュ!!,,,
1103,アニメ＆漫画,キャンチョメ,金色のガッシュ!!,,,
1104,アニメ＆漫画,パルコ・フォルゴレ,金色のガッシュ!!,,,
1105,アニメ＆漫画,ブラゴ,金色のガッシュ!!,,,
1106,アニメ＆漫画,シェリー,金色のガッシュ!!,,,
1107,アニメ＆漫画,エドワード・エルリック,鋼の錬金術師,,,
1108,アニメ＆漫画,アルフォンス・エルリック,鋼の錬金術師,,,
1109,アニメ＆漫画,ロイ・マスタング,鋼の錬金術師,,,
1110,アニメ＆漫画,リザ・ホークアイ,鋼の錬金術師,,,
1111,アニメ＆漫画,ウィンリィ・ロックベル,鋼の錬金術師,,,
1112,アニメ＆漫画,大崎ナナ,NANA,,,
1113,アニメ＆漫画,小松奈々,NANA,,,
1114,アニメ＆漫画,夜神月,DEATH NOTE,,,
1115,アニメ＆漫画,L,DEATH NOTE,,,
1116,アニメ＆漫画,弥海砂,DEATH NOTE,,,
1117,アニメ＆漫画,リューク,DEATH NOTE,,,
1118,アニメ＆漫画,ゴン,HUNTER×HUNTER,,,
1119,アニメ＆漫画,キルア,HUNTER×HUNTER,,,
1120,アニメ＆漫画,クラピカ,HUNTER×HUNTER,,,
1121,アニメ＆漫画,レオリオ,HUNTER×HUNTER,,,
1122,アニメ＆漫画,ヒソカ,HUNTER×HUNTER,,,
1123,アニメ＆漫画,クロロ,HUNTER×HUNTER,,,
1124,アニメ＆漫画,ネテロ,HUNTER×HUNTER,,,
1125,アニメ＆漫画,メルエム,HUNTER×HUNTER,,,
1126,アニメ＆漫画,黒崎一護,BLEACH,,,
1127,アニメ＆漫画,朽木ルキア,BLEACH,,,
1128,アニメ＆漫画,井上織姫,BLEACH,,,
1129,アニメ＆漫画,石田雨竜,BLEACH,,,
1130,アニメ＆漫画,阿散井恋次,BLEACH,,,
1131,アニメ＆漫画,朽木白哉,BLEACH,,,
1132,アニメ＆漫画,日番谷冬獅郎,BLEACH,,,
1133,アニメ＆漫画,藍染惣右介,BLEACH,,,
1134,アニメ＆漫画,坂田銀時,銀魂,,,
1135,アニメ＆漫画,志村新八,銀魂,,,
1136,アニメ＆漫画,神楽,銀魂,,,
1137,アニメ＆漫画,土方十四郎,銀魂,,,
1138,アニメ＆漫画,沖田総悟,銀魂,,,
1139,アニメ＆漫画,桂小太郎,銀魂,,,
1140,アニメ＆漫画,高杉晋助,銀魂,,,
1141,アニメ＆漫画,麻倉葉,シャーマンキング,,,
1142,アニメ＆漫画,恐山アンナ,シャーマンキング,,,
1143,アニメ＆漫画,道蓮,シャーマンキング,,,
1144,アニメ＆漫画,ホロホロ,シャーマンキング,,,
1145,アニメ＆漫画,ハオ,シャーマンキング,,,
1146,アニメ＆漫画,越前リョーマ,テニスの王子様,,,
1147,アニメ＆漫画,手塚国光,テニスの王子様,,,
1148,アニメ＆漫画,不二周助,テニスの王子様,,,
1149,アニメ＆漫画,跡部景吾,テニスの王子様,,,
1150,アニメ＆漫画,進藤ヒカル,ヒカルの碁,,,
1151,アニメ＆漫画,藤原佐為,ヒカルの碁,,,
1152,アニメ＆漫画,塔矢アキラ,ヒカルの碁,,,
1153,アニメ＆漫画,小早川瀬那,アイシールド21,,,
1154,アニメ＆漫画,蛭魔妖一,アイシールド21,,,
1155,アニメ＆漫画,栗田良寛,アイシールド21,,,
1156,アニメ＆漫画,沢田綱吉,家庭教師ヒットマンREBORN!,,,
1157,アニメ＆漫画,リボーン,家庭教師ヒットマンREBORN!,,,
1158,アニメ＆漫画,獄寺隼人,家庭教師ヒットマンREBORN!,,,
1159,アニメ＆漫画,山本武,家庭教師ヒットマンREBORN!,,,
1160,アニメ＆漫画,雲雀恭弥,家庭教師ヒットマンREBORN!,,,
1161,アニメ＆漫画,六道骸,家庭教師ヒットマンREBORN!,,,
1162,アニメ＆漫画,ルルーシュ,コードギアス,,,
1163,アニメ＆漫画,C.C.,コードギアス,,,
1164,アニメ＆漫画,枢木スザク,コードギアス,,,
1165,アニメ＆漫画,カレン,コードギアス,,,
1166,アニメ＆漫画,鹿目まどか,魔法少女まどか☆マギカ,,,
1167,アニメ＆漫画,暁美ほむら,魔法少女まどか☆マギカ,,,
1168,アニメ＆漫画,巴マミ,魔法少女まどか☆マギカ,,,
1169,アニメ＆漫画,美樹さやか,魔法少女まどか☆マギカ,,,
1170,アニメ＆漫画,佐倉杏子,魔法少女まどか☆マギカ,,,
1171,アニメ＆漫画,キュゥべえ,魔法少女まどか☆マギカ,,,
1172,アニメ＆漫画,キリト,ソードアート・オンライン,,,
1173,アニメ＆漫画,アスナ,ソードアート・オンライン,,,
1174,アニメ＆漫画,シノン,ソードアート・オンライン,,,
1175,アニメ＆漫画,リーファ,ソードアート・オンライン,,,
1176,アニメ＆漫画,桜木花道,SLAM DUNK,,,
1177,アニメ＆漫画,竈門炭治郎,鬼滅の刃,,,
1178,アニメ＆漫画,ロビン,ONE PIECE,,,
1179,アニメ＆漫画,エース,ONE PIECE,,,
1180,アニメ＆漫画,ロー,ONE PIECE,,,
1181,アニメ＆漫画,碇シンジ,新世紀エヴァンゲリオン,,,
1182,アニメ＆漫画,綾波レイ,新世紀エヴァンゲリオン,,,
1183,アニメ＆漫画,アスカ,新世紀エヴァンゲリオン,,,
1184,アニメ＆漫画,涼宮ハルヒ,涼宮ハルヒの憂鬱,,,
1185,アニメ＆漫画,日向翔陽,ハイキュー!!,,,
1186,アニメ＆漫画,影山飛雄,ハイキュー!!,,,
1187,アニメ＆漫画,アーニャ・フォージャー,SPY×FAMILY,,,
1188,アニメ＆漫画,フリーレン,葬送のフリーレン,,,
1189,アニメ＆漫画,猫猫,薬屋のひとりごと,,,
1190,アニメ＆漫画,デンジ,チェンソーマン,,,
1191,アニメ＆漫画,マキマ,チェンソーマン,,,
1192,アニメ＆漫画,フシギソウ,ポケットモンスター,,,
1193,アニメ＆漫画,フシギバナ,ポケットモンスター,,,
1194,アニメ＆漫画,リザード,ポケットモンスター,,,
1195,アニメ＆漫画,カメール,ポケットモンスター,,,
1196,アニメ＆漫画,カメックス,ポケットモンスター,,,
1197,アニメ＆漫画,キャタピー,ポケットモンスター,,,
1198,アニメ＆漫画,トランセル,ポケットモンスター,,,
1199,アニメ＆漫画,バタフリー,ポケットモンスター,,,
1200,アニメ＆漫画,ビードル,ポケットモンスター,,,
1201,アニメ＆漫画,コクーン,ポケットモンスター,,,
1202,アニメ＆漫画,スピアー,ポケットモンスター,,,
1203,アニメ＆漫画,ポッポ,ポケットモンスター,,,
1204,アニメ＆漫画,ピジョン,ポケットモンスター,,,
1205,アニメ＆漫画,ピジョット,ポケットモンスター,,,
1206,アニメ＆漫画,コラッタ,ポケットモンスター,,,
1207,アニメ＆漫画,ラッタ,ポケットモンスター,,,
1208,アニメ＆漫画,オニスズメ,ポケットモンスター,,,
1209,アニメ＆漫画,オニドリル,ポケットモンスター,,,
1210,アニメ＆漫画,アーボ,ポケットモンスター,,,
1211,アニメ＆漫画,アーボック,ポケットモンスター,,,
1212,アニメ＆漫画,ライチュウ,ポケットモンスター,,,
1213,アニメ＆漫画,サンド,ポケットモンスター,,,
1214,アニメ＆漫画,サンドパン,ポケットモンスター,,,
1215,アニメ＆漫画,ニドラン♀,ポケットモンスター,,,
1216,アニメ＆漫画,ニドリーナ,ポケットモンスター,,,
1217,アニメ＆漫画,ニドクイン,ポケットモンスター,,,
1218,アニメ＆漫画,ニドラン♂,ポケットモンスター,,,
1219,アニメ＆漫画,ニドリーノ,ポケットモンスター,,,
1220,アニメ＆漫画,ニドキング,ポケットモンスター,,,
1221,アニメ＆漫画,ピッピ,ポケットモンスター,,,
1222,アニメ＆漫画,ピクシー,ポケットモンスター,,,
1223,アニメ＆漫画,ロコン,ポケットモンスター,,,
1224,アニメ＆漫画,キュウコン,ポケットモンスター,,,
1225,アニメ＆漫画,プクリン,ポケットモンスター,,,
1226,アニメ＆漫画,ズバット,ポケットモンスター,,,
1227,アニメ＆漫画,ゴルバット,ポケットモンスター,,,
1228,アニメ＆漫画,ナゾノクサ,ポケットモンスター,,,
1229,アニメ＆漫画,クサイハナ,ポケットモンスター,,,
1230,アニメ＆漫画,ラフレシア,ポケットモンスター,,,
1231,アニメ＆漫画,パラス,ポケットモンスター,,,
1232,アニメ＆漫画,パラセクト,ポケットモンスター,,,
1233,アニメ＆漫画,コンパン,ポケットモンスター,,,
1234,アニメ＆漫画,モルフォン,ポケットモンスター,,,
1235,アニメ＆漫画,ディグダ,ポケットモンスター,,,
1236,アニメ＆漫画,ダグトリオ,ポケットモンスター,,,
1237,アニメ＆漫画,ペルシアン,ポケットモンスター,,,
1238,アニメ＆漫画,ゴルダック,ポケットモンスター,,,
1239,アニメ＆漫画,マンキー,ポケットモンスター,,,
1240,アニメ＆漫画,オコリザル,ポケットモンスター,,,
1241,アニメ＆漫画,ガーディ,ポケットモンスター,,,
1242,アニメ＆漫画,ウインディ,ポケットモンスター,,,
1243,アニメ＆漫画,ニョロモ,ポケットモンスター,,,
1244,アニメ＆漫画,ニョロゾ,ポケットモンスター,,,
1245,アニメ＆漫画,ニョロボン,ポケットモンスター,,,
1246,アニメ＆漫画,ケーシィ,ポケットモンスター,,,
1247,アニメ＆漫画,ユンゲラー,ポケットモンスター,,,
1248,アニメ＆漫画,フーディン,ポケットモンスター,,,
1249,アニメ＆漫画,ワンリキー,ポケットモンスター,,,
1250,アニメ＆漫画,ゴーリキー,ポケットモンスター,,,
1251,アニメ＆漫画,カイリキー,ポケットモンスター,,,
1252,アニメ＆漫画,マダツボミ,ポケットモンスター,,,
1253,アニメ＆漫画,ウツドン,ポケットモンスター,,,
1254,アニメ＆漫画,ウツボット,ポケットモンスター,,,
1255,アニメ＆漫画,メノクラゲ,ポケットモンスター,,,
1256,アニメ＆漫画,ドククラゲ,ポケットモンスター,,,
1257,アニメ＆漫画,イシツブテ,ポケットモンスター,,,
1258,アニメ＆漫画,ゴローン,ポケットモンスター,,,
1259,アニメ＆漫画,ゴローニャ,ポケットモンスター,,,
1260,アニメ＆漫画,ポニータ,ポケットモンスター,,,
1261,アニメ＆漫画,ギャロップ,ポケットモンスター,,,
1262,アニメ＆漫画,ヤドン,ポケットモンスター,,,
1263,アニメ＆漫画,ヤドラン,ポケットモンスター,,,
1264,アニメ＆漫画,コイル,ポケットモンスター,,,
1265,アニメ＆漫画,レアコイル,ポケットモンスター,,,
1266,アニメ＆漫画,カモネギ,ポケットモンスター,,,
1267,アニメ＆漫画,ドードー,ポケットモンスター,,,
1268,アニメ＆漫画,ドードリオ,ポケットモンスター,,,
1269,アニメ＆漫画,パウワウ,ポケットモンスター,,,
1270,アニメ＆漫画,ジュゴン,ポケットモンスター,,,
1271,アニメ＆漫画,ベトベター,ポケットモンスター,,,
1272,アニメ＆漫画,ベトベトン,ポケットモンスター,,,
1273,アニメ＆漫画,シェルダー,ポケットモンスター,,,
1274,アニメ＆漫画,パルシェン,ポケットモンスター,,,
1275,アニメ＆漫画,ゴース,ポケットモンスター,,,
1276,アニメ＆漫画,ゴースト,ポケットモンスター,,,
1277,アニメ＆漫画,イワーク,ポケットモンスター,,,
1278,アニメ＆漫画,スリープ,ポケットモンスター,,,
1279,アニメ＆漫画,スリーパー,ポケットモンスター,,,
1280,アニメ＆漫画,クラブ,ポケットモンスター,,,
1281,アニメ＆漫画,キングラー,ポケットモンスター,,,
1282,アニメ＆漫画,ビリリダマ,ポケットモンスター,,,
1283,アニメ＆漫画,マルマイン,ポケットモンスター,,,
1284,アニメ＆漫画,タマタマ,ポケットモンスター,,,
1285,アニメ＆漫画,ナッシー,ポケットモンスター,,,
1286,アニメ＆漫画,カラカラ,ポケットモンスター,,,
1287,アニメ＆漫画,ガラガラ,ポケットモンスター,,,
1288,アニメ＆漫画,サワムラー,ポケットモンスター,,,
1289,アニメ＆漫画,エビワラー,ポケットモンスター,,,
1290,アニメ＆漫画,ベロリンガ,ポケットモンスター,,,
1291,アニメ＆漫画,ドガース,ポケットモンスター,,,
1292,アニメ＆漫画,マタドガス,ポケットモンスター,,,
1293,アニメ＆漫画,サイホーン,ポケットモンスター,,,
1294,アニメ＆漫画,サイドン,ポケットモンスター,,,
1295,アニメ＆漫画,ラッキー,ポケットモンスター,,,
1296,アニメ＆漫画,モンジャラ,ポケットモンスター,,,
1297,アニメ＆漫画,ガルーラ,ポケットモンスター,,,
1298,アニメ＆漫画,タッツー,ポケットモンスター,,,
1299,アニメ＆漫画,シードラ,ポケットモンスター,,,
1300,アニメ＆漫画,トサキント,ポケットモンスター,,,
1301,アニメ＆漫画,アズマオウ,ポケットモンスター,,,
1302,アニメ＆漫画,ヒトデマン,ポケットモンスター,,,
1303,アニメ＆漫画,スターミー,ポケットモンスター,,,
1304,アニメ＆漫画,バリヤード,ポケットモンスター,,,
1305,アニメ＆漫画,ストライク,ポケットモンスター,,,
1306,アニメ＆漫画,ルージュラ,ポケットモンスター,,,
1307,アニメ＆漫画,エレブー,ポケットモンスター,,,
1308,アニメ＆漫画,ブーバー,ポケットモンスター,,,
1309,アニメ＆漫画,カイロス,ポケットモンスター,,,
1310,アニメ＆漫画,ケンタロス,ポケットモンスター,,,
1311,アニメ＆漫画,シャワーズ,ポケットモンスター,,,
1312,アニメ＆漫画,サンダース,ポケットモンスター,,,
1313,アニメ＆漫画,ブースター,ポケットモンスター,,,
1314,アニメ＆漫画,ポリゴン,ポケットモンスター,,,
1315,アニメ＆漫画,オムナイト,ポケットモンスター,,,
1316,アニメ＆漫画,オムスター,ポケットモンスター,,,
1317,アニメ＆漫画,カブト,ポケットモンスター,,,
1318,アニメ＆漫画,カブトプス,ポケットモンスター,,,
1319,アニメ＆漫画,プテラ,ポケットモンスター,,,
1320,アニメ＆漫画,フリーザー,ポケットモンスター,,,
1321,アニメ＆漫画,サンダー,ポケットモンスター,,,
1322,アニメ＆漫画,ファイヤー,ポケットモンスター,,,
1323,アニメ＆漫画,ミニリュウ,ポケットモンスター,,,
1324,アニメ＆漫画,ハクリュー,ポケットモンスター,,,
1325,アニメ＆漫画,カイリュー,ポケットモンスター,,,
1326,アニメ＆漫画,チコリータ,ポケットモンスター,,,
1327,アニメ＆漫画,ベイリーフ,ポケットモンスター,,,
1328,アニメ＆漫画,メガニウム,ポケットモンスター,,,
1329,アニメ＆漫画,ヒノアラシ,ポケットモンスター,,,
1330,アニメ＆漫画,マグマラシ,ポケットモンスター,,,
1331,アニメ＆漫画,バクフーン,ポケットモンスター,,,
1332,アニメ＆漫画,ワニノコ,ポケットモンスター,,,
1333,アニメ＆漫画,アリゲイツ,ポケットモンスター,,,
1334,アニメ＆漫画,オーダイル,ポケットモンスター,,,
1335,アニメ＆漫画,オタチ,ポケットモンスター,,,
1336,アニメ＆漫画,オオタチ,ポケットモンスター,,,
1337,アニメ＆漫画,ホーホー,ポケットモンスター,,,
1338,アニメ＆漫画,ヨルノズク,ポケットモンスター,,,
1339,アニメ＆漫画,レディバ,ポケットモンスター,,,
1340,アニメ＆漫画,レディアン,ポケットモンスター,,,
1341,アニメ＆漫画,イトマル,ポケットモンスター,,,
1342,アニメ＆漫画,アリアドス,ポケットモンスター,,,
1343,アニメ＆漫画,クロバット,ポケットモンスター,,,
1344,アニメ＆漫画,チョンチー,ポケットモンスター,,,
1345,アニメ＆漫画,ランターン,ポケットモンスター,,,
1346,アニメ＆漫画,ピチュー,ポケットモンスター,,,
1347,アニメ＆漫画,ピィ,ポケットモンスター,,,
1348,アニメ＆漫画,ププリン,ポケットモンスター,,,
1349,アニメ＆漫画,トゲチック,ポケットモンスター,,,
1350,アニメ＆漫画,ネイティ,ポケットモンスター,,,
1351,食べ物,カレー,,,,
1352,食べ物,ラーメン,,,,
1353,食べ物,寿司,,,,
1354,食べ物,焼肉,,,,
1355,食べ物,ピザ,,,,
1356,食べ物,ハンバーガー,,,,
1357,食べ物,パスタ,,,,
1358,食べ物,うどん,,,,
1359,食べ物,そば,,,,
1360,食べ物,餃子,,,,
1361,食べ物,チャーハン,,,,
1362,食べ物,お好み焼き,,,,
1363,食べ物,たこ焼き,,,,
1364,食べ物,天ぷら,,,,
1365,食べ物,唐揚げ,,,,
1366,食べ物,おにぎり,,,,
1367,食べ物,サンドイッチ,,,,
1368,食べ物,食パン,,,,
1369,食べ物,フランスパン,,,,
1370,食べ物,ケーキ,,,,
1371,食べ物,プリン,,,,
1372,食べ物,ドーナツ,,,,
1373,食べ物,アイスクリーム,,,,
1374,食べ物,チョコレート,,,,
1375,食べ物,クッキー,,,,
1376,食べ物,ポテトチップス,,,,
1377,食べ物,たい焼き,,,,
1378,食べ物,団子,,,,
1379,食べ物,大福,,,,
1380,食べ物,りんご,,,,
1381,食べ物,みかん,,,,
1382,食べ物,いちご,,,,
1383,食べ物,ぶどう,,,,
1384,食べ物,バナナ,,,,
1385,食べ物,桃,,,,
1386,食べ物,スイカ,,,,
1387,食べ物,メロン,,,,
1388,食べ物,梨,,,,
1389,食べ物,柿,,,,
1390,食べ物,パイナップル,,,,
1391,食べ物,レモン,,,,
1392,食べ物,トマト,,,,
1393,食べ物,きゅうり,,,,
1394,食べ物,キャベツ,,,,
1395,食べ物,にんじん,,,,
1396,食べ物,玉ねぎ,,,,
1397,食べ物,じゃがいも,,,,
1398,食べ物,さつまいも,,,,
1399,食べ物,とうもろこし,,,,
1400,食べ物,枝豆,,,,
1401,食べ物,納豆,,,,
1402,食べ物,豆腐,,,,
1403,食べ物,卵,,,,
1404,食べ物,牛乳,,,,
1405,食べ物,チーズ,,,,
1406,食べ物,ヨーグルト,,,,
1407,食べ物,コーヒー,,,,
1408,食べ物,紅茶,,,,
1409,食べ物,緑茶,,,,
1410,食べ物,コーラ,,,,
1411,食べ物,オレンジジュース,,,,
1412,食べ物,ビール,,,,
1413,食べ物,日本酒,,,,
1414,食べ物,ワイン,,,,
1415,食べ物,ハンバーグ,,,,
1416,食べ物,オムライス,,,,
1417,食べ物,グラタン,,,,
1418,食べ物,シチュー,,,,
1419,食べ物,麻婆豆腐,,,,
1420,食べ物,エビフライ,,,,
1421,食べ物,とんかつ,,,,
1422,食べ物,焼きそば,,,,
1423,食べ物,焼き鳥,,,,
1424,食べ物,牛丼,,,,
1425,食べ物,親子丼,,,,
1426,食べ物,カツ丼,,,,
1427,食べ物,ちらし寿司,,,,
1428,食べ物,刺身,,,,
1429,食べ物,しゃぶしゃぶ,,,,
1430,食べ物,すき焼き,,,,
1431,食べ物,鍋料理,,,,
1432,食べ物,カップラーメン,,,,
1433,食べ物,ホットドッグ,,,,
1434,食べ物,フライドポテト,,,,
1435,食べ物,パフェ,,,,
1436,食べ物,クレープ,,,,
1437,食べ物,ホットケーキ,,,,
1438,食べ物,シュークリーム,,,,
1439,食べ物,バウムクーヘン,,,,
1440,食べ物,カステラ,,,,
1441,食べ物,ゼリー,,,,
1442,食べ物,かき氷,,,,
1443,食べ物,ガム,,,,
1444,食べ物,キャンディ,,,,
1445,食べ物,マシュマロ,,,,
1446,食べ物,梅干し,,,,
1447,食べ物,味噌汁,,,,
1448,食べ物,漬物,,,,
1449,食べ物,目玉焼き,,,,
1450,食べ物,ウインナー,,,,
1451,食べ物,ベーコン,,,,
1452,食べ物,揚げパン,,,,
1453,食べ物,ソフト麺,,,,
1454,食べ物,ミルメーク,,,,
1455,食べ物,冷凍みかん,,,,
1456,食べ物,ラジオ体操,,,,
1457,食べ物,修学旅行,,,,
1458,食べ物,席替え,,,,
1459,食べ物,掃除当番,,,,
1460,食べ物,給食当番,,,,
1461,食べ物,チキンラーメン,,,,
1462,食べ物,ポカリスエット,,,,
1463,食べ物,アクエリアス,,,,
1464,食べ物,カルピス,,,,
1465,食べ物,ファンタ,,,,
1466,食べ物,オロナミンC,,,,
1467,食べ物,ポッキー,,,,
1468,食べ物,プリッツ,,,,
1469,食べ物,じゃがりこ,,,,
1470,食べ物,うまい棒,,,,
1471,食べ物,チョコボール,,,,
1472,食べ物,カントリーマアム,,,,
1473,食べ物,ハッピーターン,,,,
1474,食べ物,赤いきつね,,,,
1475,食べ物,緑のたぬき,,,,
1476,食べ物,ペヤング,,,,
1477,食べ物,雪見だいふく,,,,
1478,食べ物,ピノ,,,,
1479,食べ物,パピコ,,,,
1480,食べ物,ロッテリア,,,,
1481,食べ物,ドトール,,,,
1482,食べ物,サーティワン,,,,
1483,食べ物,コメダ珈琲店,,,,
1484,食べ物,ミニストップ,,,,
1485,食べ物,イトーヨーカドー,,,,
1486,食べ物,GU,,,,
1487,食べ物,Sony,,,,
1488,食べ物,Panasonic,,,,
1489,食べ物,SEGA,,,,
1490,食べ物,CAPCOM,,,,
1491,食べ物,リポビタンD,,,,
1492,食べ物,ヤクルト,,,,
1493,食べ物,キットカット,,,,
1494,食べ物,カップヌードル,,,,
1495,食べ物,アボカド,,,,
1496,食べ物,アスパラガス,,,,
1497,食べ物,オクラ,,,,
1498,食べ物,かぼちゃ,,,,
1499,食べ物,ごぼう,,,,
1500,食べ物,里芋,,,,
1501,食べ物,大根,,,,
1502,食べ物,長ねぎ,,,,
1503,食べ物,白菜,,,,
1504,食べ物,ほうれん草,,,,
1505,食べ物,小松菜,,,,
1506,食べ物,レタス,,,,
1507,食べ物,ピーマン,,,,
1508,食べ物,パプリカ,,,,
1509,食べ物,なす,,,,
1510,食べ物,れんこん,,,,
1511,食べ物,もやし,,,,
1512,食べ物,にら,,,,
1513,食べ物,セロリ,,,,
1514,食べ物,ブロッコリー,,,,
1515,食べ物,カリフラワー,,,,
1516,食べ物,にんにく,,,,
1517,食べ物,しょうが,,,,
1518,食べ物,しそ,,,,
1519,食べ物,みょうが,,,,
1520,食べ物,しいたけ,,,,
1521,食べ物,しめじ,,,,
1522,食べ物,えのき,,,,
1523,食べ物,エリンギ,,,,
1524,食べ物,まいたけ,,,,
1525,食べ物,キウイ,,,,
1526,食べ物,マンゴー,,,,
1527,食べ物,ブルーベリー,,,,
1528,食べ物,ラズベリー,,,,
1529,食べ物,グレープフルーツ,,,,
1530,食べ物,ザクロ,,,,
1531,食べ物,びわ,,,,
1532,食べ物,いちじく,,,,
1533,食べ物,ココナッツ,,,,
1534,食べ物,ドリアン,,,,
1535,食べ物,ライチ,,,,
1536,食べ物,パパイヤ,,,,
1537,食べ物,焼き芋,,,,
1538,食べ物,肉じゃが,,,,
1539,食べ物,筑前煮,,,,
1540,食べ物,きんぴらごぼう,,,,
1541,食べ物,ひじき,,,,
1542,食べ物,切り干し大根,,,,
1543,食べ物,茶碗蒸し,,,,
1544,食べ物,冷やし中華,,,,
1545,食べ物,そうめん,,,,
1546,食べ物,ちゃんぽん,,,,
1547,食べ物,皿うどん,,,,
1548,食べ物,もんじゃ焼き,,,,
1549,食べ物,明石焼き,,,,
1550,食べ物,きりたんぽ,,,,
1551,食べ物,ほうとう,,,,
1552,食べ物,讃岐うどん,,,,
1553,食べ物,きしめん,,,,
1554,食べ物,味噌煮込みうどん,,,,
1555,食べ物,博多ラーメン,,,,
1556,食べ物,札幌ラーメン,,,,
1557,食べ物,喜多方ラーメン,,,,
1558,食べ物,チキン南蛮,,,,
1559,食べ物,ジンギスカン,,,,
1560,食べ物,牛タン,,,,
1561,食べ物,もつ鍋,,,,
1562,食べ物,水炊き,,,,
1563,食べ物,ちゃんちゃん焼き,,,,
1564,食べ物,海鮮丼,,,,
1565,食べ物,天丼,,,,
1566,食べ物,中華丼,,,,
1567,食べ物,回鍋肉,,,,
1568,食べ物,青椒肉絲,,,,
1569,食べ物,酢豚,,,,
1570,食べ物,八宝菜,,,,
1571,食べ物,春巻き,,,,
1572,食べ物,小籠包,,,,
1573,食べ物,肉まん,,,,
1574,食べ物,あんまん,,,,
1575,食べ物,シュウマイ,,,,
1576,食べ物,エビチリ,,,,
1577,食べ物,棒棒鶏,,,,
1578,食べ物,担々麺,,,,
1579,食べ物,冷麺,,,,
1580,食べ物,ビビンバ,,,,
1581,食べ物,キムチ,,,,
1582,食べ物,チヂミ,,,,
1583,食べ物,ハヤシライス,,,,
1584,食べ物,ドリア,,,,
1585,食べ物,ラザニア,,,,
1586,食べ物,カルボナーラ,,,,
1587,食べ物,ナポリタン,,,,
1588,食べ物,ペペロンチーノ,,,,
1589,食べ物,ミートソース,,,,
1590,食べ物,マルゲリータ,,,,
1591,食べ物,シーザーサラダ,,,,
1592,食べ物,ロールキャベツ,,,,
1593,食べ物,コロッケ,,,,
1594,食べ物,メンチカツ,,,,
1595,食べ物,チキンカツ,,,,
1596,食べ物,カキフライ,,,,
1597,食べ物,アジフライ,,,,
1598,食べ物,フレンチトースト,,,,
1599,食べ物,ワッフル,,,,
1600,食べ物,ティラミス,,,,
1601,食べ物,モンブラン,,,,
1602,食べ物,ショートケーキ,,,,
1603,食べ物,チーズケーキ,,,,
1604,食べ物,ガトーショコラ,,,,
1605,食べ物,アップルパイ,,,,
1606,食べ物,エクレア,,,,
1607,食べ物,マカロン,,,,
1608,食べ物,スイートポテト,,,,
1609,食べ物,どら焼き,,,,
1610,食べ物,ようかん,,,,
1611,食べ物,最中,,,,
1612,食べ物,わらび餅,,,,
1613,食べ物,みたらし団子,,,,
1614,食べ物,ぜんざい,,,,
1615,食べ物,あんみつ,,,,
1616,食べ物,ところてん,,,,
1617,食べ物,ラムネ,,,,
1618,食べ物,サイダー,,,,
1619,食べ物,麦茶,,,,
1620,食べ物,ウーロン茶,,,,
1621,食べ物,ココア,,,,
1622,食べ物,カフェオレ,,,,
1623,食べ物,焼き餃子,,,,
1624,食べ物,焼き野菜,,,,
1625,食べ物,焼き魚,,,,
1626,生き物,犬,,,,
1627,生き物,猫,,,,
1628,生き物,ライオン,,,,
1629,生き物,トラ,,,,
1630,生き物,ゾウ,,,,
1631,生き物,キリン,,,,
1632,生き物,パンダ,,,,
1633,生き物,コアラ,,,,
1634,生き物,ペンギン,,,,
1635,生き物,イルカ,,,,
1636,生き物,クジラ,,,,
1637,生き物,サメ,,,,
1638,生き物,カメ,,,,
1639,生き物,ウサギ,,,,
1640,生き物,ハムスター,,,,
1641,生き物,リス,,,,
1642,生き物,キツネ,,,,
1643,生き物,タヌキ,,,,
1644,生き物,オオカミ,,,,
1645,生き物,クマ,,,,
1646,生き物,シカ,,,,
1647,生き物,ウマ,,,,
1648,生き物,ウシ,,,,
1649,生き物,ヒツジ,,,,
1650,生き物,ヤギ,,,,
1651,生き物,ブタ,,,,
1652,生き物,サル,,,,
1653,生き物,ゴリラ,,,,
1654,生き物,チンパンジー,,,,
1655,生き物,カンガルー,,,,
1656,生き物,カバ,,,,
1657,生き物,サイ,,,,
1658,生き物,シマウマ,,,,
1659,生き物,ラクダ,,,,
1660,生き物,アルパカ,,,,
1661,生き物,ナマケモノ,,,,
1662,生き物,カワウソ,,,,
1663,生き物,アザラシ,,,,
1664,生き物,ラッコ,,,,
1665,生き物,ハリネズミ,,,,
1666,生き物,モグラ,,,,
1667,生き物,ネズミ,,,,
1668,生き物,コウモリ,,,,
1669,生き物,フクロウ,,,,
1670,生き物,ワシ,,,,
1671,生き物,タカ,,,,
1672,生き物,ハト,,,,
1673,生き物,スズメ,,,,
1674,生き物,カラス,,,,
1675,生き物,ニワトリ,,,,
1676,生き物,ヒヨコ,,,,
1677,生き物,アヒル,,,,
1678,生き物,ガチョウ,,,,
1679,生き物,クジャク,,,,
1680,生き物,フラミンゴ,,,,
1681,生き物,ダチョウ,,,,
1682,生き物,ツバメ,,,,
1683,生き物,カモメ,,,,
1684,生き物,インコ,,,,
1685,生き物,オウム,,,,
1686,生き物,カエル,,,,
1687,生き物,イモリ,,,,
1688,生き物,ヤモリ,,,,
1689,生き物,ヘビ,,,,
1690,生き物,ワニ,,,,
1691,生き物,トカゲ,,,,
1692,生き物,カメレオン,,,,
1693,生き物,金魚,,,,
1694,生き物,メダカ,,,,
1695,生き物,マグロ,,,,
1696,生き物,カツオ,,,,
1697,生き物,サケ,,,,
1698,生き物,フグ,,,,
1699,生き物,タコ,,,,
1700,生き物,イカ,,,,
1701,生き物,エビ,,,,
1702,生き物,カニ,,,,
1703,生き物,クラゲ,,,,
1704,生き物,ヒトデ,,,,
1705,生き物,ウニ,,,,
1706,生き物,貝,,,,
1707,生き物,カブトムシ,,,,歌手：aiko
1708,生き物,クワガタ,,,,
1709,生き物,セミ,,,,
1710,生き物,バッタ,,,,
1711,生き物,カマキリ,,,,
1712,生き物,チョウ,,,,
1713,生き物,トンボ,,,,
1714,生き物,ホタル,,,,
1715,生き物,アリ,,,,
1716,生き物,ハチ,,,,
1717,生き物,テントウムシ,,,,
1718,生き物,ダンゴムシ,,,,
1719,生き物,ミミズ,,,,
1720,生き物,カタツムリ,,,,
1721,生き物,アジ,,,,
1722,生き物,イワシ,,,,
1723,生き物,サバ,,,,
1724,生き物,サンマ,,,,
1725,生き物,ブリ,,,,
1726,生き物,ハマチ,,,,
1727,生き物,ヒラメ,,,,
1728,生き物,カレイ,,,,
1729,生き物,アナゴ,,,,
1730,生き物,ウナギ,,,,
1731,生き物,シシャモ,,,,
1732,生き物,ワカサギ,,,,
1733,生き物,カジキ,,,,
1734,生き物,カンパチ,,,,
1735,生き物,ノドグロ,,,,
1736,生き物,ホッケ,,,,
1737,生き物,アンコウ,,,,
1738,生き物,シラス,,,,
1739,生き物,タラ,,,,
1740,生き物,イクラ,,,,
1741,生き物,数の子,,,,
1742,生き物,ホタテ,,,,
1743,生き物,アサリ,,,,
1744,生き物,シジミ,,,,
1745,生き物,ハマグリ,,,,
1746,生き物,牡蠣,,,,
1747,生き物,サザエ,,,,
1748,生き物,アワビ,,,,
1749,生き物,伊勢海老,,,,
1750,生き物,甘エビ,,,,
1751,生き物,桜エビ,,,,
1752,生き物,ズワイガニ,,,,
1753,生き物,タラバガニ,,,,
1754,生き物,毛ガニ,,,,
1755,生き物,バラ,,,,
1756,生き物,チューリップ,,,,
1757,生き物,ひまわり,,,,
1758,生き物,あじさい,,,,
1759,生き物,朝顔,,,,
1760,生き物,コスモス,,,,
1761,生き物,タンポポ,,,,
1762,生き物,カーネーション,,,,
1763,生き物,ユリ,,,,
1764,生き物,菊,,,,
1765,生き物,梅,,,,
1766,生き物,藤,,,,
1767,生き物,牡丹,,,,
1768,生き物,椿,,,,
1769,生き物,ラベンダー,,,,
1770,生き物,ハイビスカス,,,,
1771,生き物,スイセン,,,,
1772,生き物,パンジー,,,,
1773,生き物,スミレ,,,,
1774,生き物,クローバー,,,,
1775,生き物,サボテン,,,,
1776,生き物,竹,,,,
1777,生き物,松,,,,
1778,生き物,杉,,,,
1779,生き物,イチョウ,,,,
1780,生き物,もみじ,,,,
1781,生き物,柳,,,,
1782,生き物,ヤシの木,,,,
1783,職業,医師,,,,
1784,職業,看護師,,,,
1785,職業,歯科医師,,,,
1786,職業,薬剤師,,,,
1787,職業,教師,,,,
1788,職業,保育士,,,,
1789,職業,警察官,,,,
1790,職業,消防士,,,,
1791,職業,救急救命士,,,,
1792,職業,自衛官,,,,
1793,職業,弁護士,,,,
1794,職業,裁判官,,,,
1795,職業,検察官,,,,
1796,職業,料理人,,,,
1797,職業,パティシエ,,,,
1798,職業,美容師,,,,
1799,職業,理容師,,,,
1800,職業,大工,,,,
1801,職業,建築士,,,,
1802,職業,電気工事士,,,,
1803,職業,配管工,,,,
1804,職業,整備士,,,,
1805,職業,運転手,,,,
1806,職業,タクシー運転手,,,,
1807,職業,バス運転手,,,,
1808,職業,パイロット,,,,
1809,職業,客室乗務員,,,,
1810,職業,駅員,,,,
1811,職業,車掌,,,,
1812,職業,船長,,,,
1813,職業,漁師,,,,
1814,職業,農家,,,,
1815,職業,花屋,,,,
1816,職業,店員,,,,
1817,職業,コンビニ店員,,,,
1818,職業,スーパー店員,,,,
1819,職業,銀行員,,,,
1820,職業,郵便局員,,,,
1821,職業,宅配便ドライバー,,,,
1822,職業,漫画家,,,,
1823,職業,小説家,,,,
1824,職業,作家,,,,
1825,職業,編集者,,,,
1826,職業,記者,,,,
1827,職業,カメラマン,,,,
1828,職業,アナウンサー,,,,
1829,職業,俳優,,,,
1830,職業,女優,,,,
1831,職業,声優,,,,
1832,職業,歌手,,,,
1833,職業,芸人,,,,
1834,職業,YouTuber,,,,
1835,職業,ゲーム実況者,,,,
1836,職業,スポーツ選手,,,,
1837,職業,野球選手,,,,
1838,職業,サッカー選手,,,,
1839,職業,プロレスラー,,,,
1840,職業,力士,,,,
1841,職業,騎手,,,,
1842,職業,宇宙飛行士,,,,
1843,職業,科学者,,,,
1844,職業,研究者,,,,
1845,職業,プログラマー,,,,
1846,職業,デザイナー,,,,
1847,日常,FallGuys,,,,
1848,ゲーム,原神,,,,
1849,日常,崩壊：スターレイル,,,,
1850,ゲーム,テトリス,,,,
1851,日常,パックマン,,,,
1852,日常,スペースインベーダー,,,,
1853,ゲーム,ボンバーマン,,,,
1854,ゲーム,桃太郎電鉄,,,,分類：ゲームシリーズ
1855,日常,人生ゲーム,,,,
1856,ゲーム,太鼓の達人,,,,
1857,日常,ビートマニア,,,,
1858,日常,ダンスダンスレボリューション,,,,
1859,日常,トヨタ,,,,
1860,日常,ホンダ,,,,
1861,日常,日産,,,,
1862,日常,スバル,,,,
1863,日常,マツダ,,,,
1864,日常,スズキ,,,,
1865,日常,ダイハツ,,,,
1866,日常,レクサス,,,,
1867,日常,ソニー,,,,
1868,日常,任天堂,,,,
1869,ゲーム,パナソニック,,,,
1870,日常,シャープ,,,,
1871,日常,東芝,,,,
1872,日常,日立,,,,
1873,日常,キヤノン,,,,
1874,日常,ニコン,,,,
1875,日常,富士フイルム,,,,
1876,日常,カシオ,,,,
1877,日常,セイコー,,,,
1878,日常,ヤマハ,,,,
1879,日常,ユニクロ,,,,
1880,日常,無印良品,,,,
1881,日常,ニトリ,,,,
1882,日常,サンリオ,,,,
1883,日常,バンダイ,,,,
1884,日常,タカラトミー,,,,
1885,日常,カプコン,,,,
1886,日常,セガ,,,,
1887,日常,スクウェア・エニックス,,,,
1888,日常,コナミ,,,,
1889,日常,集英社,,,,
1890,日常,講談社,,,,
1891,日常,小学館,,,,
1892,日常,KADOKAWA,,,,
1893,日常,Apple,,,,
1894,日常,Google,,,,
1895,日常,Microsoft,,,,
1896,日常,Amazon,,,,
1897,日常,Meta,,,,
1898,日常,Netflix,,,,
1899,日常,Spotify,,,,
1900,日常,YouTube,,,,
1901,日常,Instagram,,,,
1902,日常,TikTok,,,,
1903,日常,X,,,,
1904,日常,LINE,,,,
1905,日常,Nintendo,,,,
1906,日常,PlayStation,,,,
1907,日常,Xbox,,,,
1908,日常,コカ・コーラ,,,,
1909,日常,ペプシ,,,,
1910,日常,マクドナルド,,,,
1911,日常,ケンタッキーフライドチキン,,,,
1912,日常,モスバーガー,,,,
1913,日常,スターバックス,,,,
1914,日常,ミスタードーナツ,,,,
1915,日常,サーティワンアイスクリーム,,,,
1916,日常,吉野家,,,,
1917,日常,すき家,,,,
1918,日常,松屋,,,,
1919,日常,ガスト,,,,
1920,日常,サイゼリヤ,,,,
1921,日常,びっくりドンキー,,,,
1922,日常,セブン-イレブン,,,,
1923,日常,ローソン,,,,
1924,日常,ファミリーマート,,,,
1925,日常,イオン,,,,
1926,日常,ドン・キホーテ,,,,
1927,日常,ダイソー,,,,
1928,日常,ヤマダデンキ,,,,
1929,日常,ビックカメラ,,,,
1930,日常,ヨドバシカメラ,,,,
1931,日常,楽天,,,,
1932,日常,メルカリ,,,,
1933,日常,Nike,,,,
1934,日常,adidas,,,,
1935,日常,PUMA,,,,
1936,日常,NewBalance,,,,
1937,日常,Converse,,,,
1938,日常,Vans,,,,
1939,日常,GUCCI,,,,
1940,日常,CHANEL,,,,
1941,日常,LouisVuitton,,,,
1942,日常,PRADA,,,,
1943,日常,Rolex,,,,
1944,日常,IKEA,,,,
1945,日常,LEGO,,,,
1946,日常,ミッキーマウス,,,,
1947,日常,ミニーマウス,,,,
1948,日常,ドナルドダック,,,,
1949,日常,デイジーダック,,,,
1950,日常,グーフィー,,,,
1951,日常,プルート,,,,
1952,日常,くまのプーさん,,,,
1953,日常,ティガー,,,,
1954,日常,スティッチ,,,,
1955,日常,マリオ,,,,
1956,日常,ルイージ,,,,
1957,日常,ピーチ姫,,,,
1958,ゲーム,ヨッシー,,,,
1959,日常,クッパ,,,,
1960,ゲーム,カービィ,,,,
1961,日常,リンク,,,,
1962,日常,ゼルダ姫,,,,
1963,アニメ＆漫画,ばいきんまん,アンパンマン,,,
1964,アニメ＆漫画,ドキンちゃん,アンパンマン,,,
1965,日常,しょくぱんまん,アンパンマン,,,
1966,日常,カレーパンマン,アンパンマン,,,
1967,日常,ハローキティ,,,,
1968,日常,マイメロディ,,,,
1969,日常,クロミ,,,,
1970,日常,シナモロール,,,,
1971,日常,ポムポムプリン,,,,
1972,日常,ポチャッコ,,,,
1973,日常,ぐでたま,,,,
1974,日常,リラックマ,,,,
1975,日常,すみっコぐらし,,,,
1976,日常,ちいかわ,,,,
1977,日常,ハチワレ,,,,
1978,日常,うさぎ,,,,
1979,日常,ナルト,NARUTO -ナルト-,,,
1980,日常,サスケ,,,,
1981,日常,炭治郎,,,,
1982,日常,禰豆子,,,,
1983,アニメ＆漫画,五条悟,呪術廻戦,,,
1984,日常,コナン,,,,
1985,日常,アムロ・レイ,,,,
1986,日常,シャア・アズナブル,,,,
1987,日常,エヴァンゲリオン初号機,,,,
1988,日常,スヌーピー,,,,
1989,日常,チャーリー・ブラウン,,,,
1990,日常,トム,,,,
1991,日常,ジェリー,,,,
1992,日常,ミニオン,,,,
1993,日常,スポンジ・ボブ,,,,
1994,日常,サザンオールスターズ,,,,
1995,日常,B'z,,,,
1996,日常,Mr.Children,,,,
1997,日常,スピッツ,,,,
1998,日常,DREAMSCOMETRUE,,,,
1999,日常,GLAY,,,,
2000,日常,L'Arc〜en〜Ciel,,,,
